-- UserAccount test data
INSERT INTO UserAccount (username, password, role, isActive) VALUES
('admin1', '1234', 'UserAdmin', TRUE),
('admin2', '1234', 'UserAdmin', TRUE),
('admin3', '1234', 'UserAdmin', TRUE),
('admin4', '1234', 'UserAdmin', TRUE),
('admin5', '1234', 'UserAdmin', TRUE),
('admin6', '1234', 'UserAdmin', TRUE),
('admin7', '1234', 'UserAdmin', TRUE),
('admin8', '1234', 'UserAdmin', TRUE),
('admin9', '1234', 'UserAdmin', TRUE),
('admin10', '1234', 'UserAdmin', TRUE),
('admin11', '1234', 'UserAdmin', TRUE),
('admin12', '1234', 'UserAdmin', TRUE),
('admin13', '1234', 'UserAdmin', TRUE),
('admin14', '1234', 'UserAdmin', TRUE),
('admin15', '1234', 'UserAdmin', TRUE),
('admin16', '1234', 'UserAdmin', TRUE),
('admin17', '1234', 'UserAdmin', TRUE),
('admin18', '1234', 'UserAdmin', TRUE),
('admin19', '1234', 'UserAdmin', TRUE),
('admin20', '1234', 'UserAdmin', TRUE),
('admin21', '1234', 'UserAdmin', TRUE),
('admin22', '1234', 'UserAdmin', TRUE),
('admin23', '1234', 'UserAdmin', TRUE),
('admin24', '1234', 'UserAdmin', TRUE),
('admin25', '1234', 'UserAdmin', TRUE),
('cleaner1', '1234', 'Cleaner', TRUE),
('cleaner2', '1234', 'Cleaner', TRUE),
('cleaner3', '1234', 'Cleaner', TRUE),
('cleaner4', '1234', 'Cleaner', TRUE),
('cleaner5', '1234', 'Cleaner', TRUE),
('cleaner6', '1234', 'Cleaner', TRUE),
('cleaner7', '1234', 'Cleaner', TRUE),
('cleaner8', '1234', 'Cleaner', TRUE),
('cleaner9', '1234', 'Cleaner', TRUE),
('cleaner10', '1234', 'Cleaner', TRUE),
('cleaner11', '1234', 'Cleaner', TRUE),
('cleaner12', '1234', 'Cleaner', TRUE),
('cleaner13', '1234', 'Cleaner', TRUE),
('cleaner14', '1234', 'Cleaner', TRUE),
('cleaner15', '1234', 'Cleaner', TRUE),
('cleaner16', '1234', 'Cleaner', TRUE),
('cleaner17', '1234', 'Cleaner', TRUE),
('cleaner18', '1234', 'Cleaner', TRUE),
('cleaner19', '1234', 'Cleaner', TRUE),
('cleaner20', '1234', 'Cleaner', TRUE),
('cleaner21', '1234', 'Cleaner', TRUE),
('cleaner22', '1234', 'Cleaner', TRUE),
('cleaner23', '1234', 'Cleaner', TRUE),
('cleaner24', '1234', 'Cleaner', TRUE),
('cleaner25', '1234', 'Cleaner', TRUE),
('homeowner1', '1234', 'HomeOwner', TRUE),
('homeowner2', '1234', 'HomeOwner', TRUE),
('homeowner3', '1234', 'HomeOwner', TRUE),
('homeowner4', '1234', 'HomeOwner', TRUE),
('homeowner5', '1234', 'HomeOwner', TRUE),
('homeowner6', '1234', 'HomeOwner', TRUE),
('homeowner7', '1234', 'HomeOwner', TRUE),
('homeowner8', '1234', 'HomeOwner', TRUE),
('homeowner9', '1234', 'HomeOwner', TRUE),
('homeowner10', '1234', 'HomeOwner', TRUE),
('homeowner11', '1234', 'HomeOwner', TRUE),
('homeowner12', '1234', 'HomeOwner', TRUE),
('homeowner13', '1234', 'HomeOwner', TRUE),
('homeowner14', '1234', 'HomeOwner', TRUE),
('homeowner15', '1234', 'HomeOwner', TRUE),
('homeowner16', '1234', 'HomeOwner', TRUE),
('homeowner17', '1234', 'HomeOwner', TRUE),
('homeowner18', '1234', 'HomeOwner', TRUE),
('homeowner19', '1234', 'HomeOwner', TRUE),
('homeowner20', '1234', 'HomeOwner', TRUE),
('homeowner21', '1234', 'HomeOwner', TRUE),
('homeowner22', '1234', 'HomeOwner', TRUE),
('homeowner23', '1234', 'HomeOwner', TRUE),
('homeowner24', '1234', 'HomeOwner', TRUE),
('homeowner25', '1234', 'HomeOwner', TRUE),
('manager1', '1234', 'PlatformManager', TRUE),
('manager2', '1234', 'PlatformManager', TRUE),
('manager3', '1234', 'PlatformManager', TRUE),
('manager4', '1234', 'PlatformManager', TRUE),
('manager5', '1234', 'PlatformManager', TRUE),
('manager6', '1234', 'PlatformManager', TRUE),
('manager7', '1234', 'PlatformManager', TRUE),
('manager8', '1234', 'PlatformManager', TRUE),
('manager9', '1234', 'PlatformManager', TRUE),
('manager10', '1234', 'PlatformManager', TRUE),
('manager11', '1234', 'PlatformManager', TRUE),
('manager12', '1234', 'PlatformManager', TRUE),
('manager13', '1234', 'PlatformManager', TRUE),
('manager14', '1234', 'PlatformManager', TRUE),
('manager15', '1234', 'PlatformManager', TRUE),
('manager16', '1234', 'PlatformManager', TRUE),
('manager17', '1234', 'PlatformManager', TRUE),
('manager18', '1234', 'PlatformManager', TRUE),
('manager19', '1234', 'PlatformManager', TRUE),
('manager20', '1234', 'PlatformManager', TRUE),
('manager21', '1234', 'PlatformManager', TRUE),
('manager22', '1234', 'PlatformManager', TRUE),
('manager23', '1234', 'PlatformManager', TRUE),
('manager24', '1234', 'PlatformManager', TRUE),
('manager25', '1234', 'PlatformManager', TRUE);


-- UserProfile test data
INSERT INTO UserProfile (username, firstName, lastName, email, phoneNumber) VALUES
('admin1', 'Karen', 'Smith', 'karen.smith@example.com', '99316017'),
('admin2', 'Betty', 'Harris', 'betty.harris@example.com', '91149221'),
('admin3', 'Kimberly', 'Jones', 'kimberly.jones@example.com', '97635540'),
('admin4', 'Nancy', 'Jackson', 'nancy.jackson@example.com', '92606684'),
('admin5', 'Barbara', 'Gonzalez', 'barbara.gonzalez@example.com', '96621923'),
('admin6', 'Sarah', 'Morris', 'sarah.morris@example.com', '95660624'),
('admin7', 'Steven', 'Martinez', 'steven.martinez@example.com', '94147916'),
('admin8', 'Deborah', 'Reed', 'deborah.reed@example.com', '92925881'),
('admin9', 'Sharon', 'Hernandez', 'sharon.hernandez@example.com', '95991065'),
('admin10', 'Jessica', 'Taylor', 'jessica.taylor@example.com', '97800636'),
('admin11', 'Elizabeth', 'Martinez', 'elizabeth.martinez@example.com', '99184638'),
('admin12', 'Brian', 'Harris', 'brian.harris@example.com', '98104838'),
('admin13', 'Elizabeth', 'Lopez', 'elizabeth.lopez@example.com', '92856433'),
('admin14', 'Nancy', 'Johnson', 'nancy.johnson@example.com', '97540993'),
('admin15', 'Richard', 'Moore', 'richard.moore@example.com', '94460002'),
('admin16', 'Jessica', 'Allen', 'jessica.allen@example.com', '99634183'),
('admin17', 'Lisa', 'King', 'lisa.king@example.com', '91461749'),
('admin18', 'James', 'Hill', 'james.hill@example.com', '96149731'),
('admin19', 'Karen', 'Green', 'karen.green@example.com', '93712991'),
('admin20', 'Anthony', 'Hill', 'anthony.hill@example.com', '95492993'),
('admin21', 'Melissa', 'Scott', 'melissa.scott@example.com', '96340722'),
('admin22', 'Nancy', 'Scott', 'nancy.scott@example.com', '94264568'),
('admin23', 'Kimberly', 'Taylor', 'kimberly.taylor@example.com', '93575275'),
('admin24', 'Margaret', 'Thomas', 'margaret.thomas@example.com', '91513244'),
('admin25', 'Margaret', 'Perez', 'margaret.perez@example.com', '98820188'),
('cleaner1', 'Emily', 'Martin', 'emily.martin@example.com', '94362227'),
('cleaner2', 'Deborah', 'Evans', 'deborah.evans@example.com', '95467731'),
('cleaner3', 'Thomas', 'Johnson', 'thomas.johnson@example.com', '96023508'),
('cleaner4', 'Margaret', 'Parker', 'margaret.parker@example.com', '95300968'),
('cleaner5', 'George', 'Lee', 'george.lee@example.com', '91842040'),
('cleaner6', 'Jennifer', 'Hernandez', 'jennifer.hernandez@example.com', '97083512'),
('cleaner7', 'Patricia', 'Roberts', 'patricia.roberts@example.com', '96910914'),
('cleaner8', 'Robert', 'Stewart', 'robert.stewart@example.com', '97836711'),
('cleaner9', 'Charles', 'Anderson', 'charles.anderson@example.com', '97790959'),
('cleaner10', 'Jason', 'Collins', 'jason.collins@example.com', '96194348'),
('cleaner11', 'Ronald', 'Moore', 'ronald.moore@example.com', '91161577'),
('cleaner12', 'Anthony', 'Moore', 'anthony.moore@example.com', '97374719'),
('cleaner13', 'Nancy', 'Thomas', 'nancy.thomas@example.com', '98426659'),
('cleaner14', 'James', 'Lewis', 'james.lewis@example.com', '94338651'),
('cleaner15', 'Sharon', 'Jackson', 'sharon.jackson@example.com', '96429269'),
('cleaner16', 'Melissa', 'Allen', 'melissa.allen@example.com', '92560321'),
('cleaner17', 'Kimberly', 'Martin', 'kimberly.martin@example.com', '93757004'),
('cleaner18', 'Sandra', 'Jones', 'sandra.jones@example.com', '99284462'),
('cleaner19', 'Sharon', 'Cook', 'sharon.cook@example.com', '96083620'),
('cleaner20', 'Ashley', 'Perez', 'ashley.perez@example.com', '93778594'),
('cleaner21', 'Stephanie', 'Taylor', 'stephanie.taylor@example.com', '94310803'),
('cleaner22', 'Deborah', 'King', 'deborah.king@example.com', '94612944'),
('cleaner23', 'Jessica', 'Rodriguez', 'jessica.rodriguez@example.com', '96031598'),
('cleaner24', 'Dorothy', 'Scott', 'dorothy.scott@example.com', '92041219'),
('cleaner25', 'Emily', 'Moore', 'emily.moore@example.com', '98901824'),
('homeowner1', 'Kenneth', 'Robinson', 'kenneth.robinson@example.com', '92468918'),
('homeowner2', 'Stephanie', 'Walker', 'stephanie.walker@example.com', '95338907'),
('homeowner3', 'Timothy', 'Thompson', 'timothy.thompson@example.com', '92760324'),
('homeowner4', 'Sarah', 'Davis', 'sarah.davis@example.com', '98222246'),
('homeowner5', 'Jessica', 'Thompson', 'jessica.thompson@example.com', '93033473'),
('homeowner6', 'Jennifer', 'Evans', 'jennifer.evans@example.com', '93220708'),
('homeowner7', 'Mark', 'Wright', 'mark.wright@example.com', '98381449'),
('homeowner8', 'Linda', 'White', 'linda.white@example.com', '97817499'),
('homeowner9', 'Jennifer', 'Sanchez', 'jennifer.sanchez@example.com', '96544628'),
('homeowner10', 'Stephanie', 'Johnson', 'stephanie.johnson@example.com', '99327573'),
('homeowner11', 'Robert', 'Green', 'robert.green@example.com', '93272829'),
('homeowner12', 'Barbara', 'Garcia', 'barbara.garcia@example.com', '95267309'),
('homeowner13', 'Kevin', 'Reed', 'kevin.reed@example.com', '98308492'),
('homeowner14', 'Dorothy', 'Lewis', 'dorothy.lewis@example.com', '99221624'),
('homeowner15', 'David', 'Clark', 'david.clark@example.com', '93740377'),
('homeowner16', 'Margaret', 'Moore', 'margaret.moore@example.com', '92851739'),
('homeowner17', 'George', 'White', 'george.white@example.com', '94195145'),
('homeowner18', 'Michelle', 'Davis', 'michelle.davis@example.com', '92699914'),
('homeowner19', 'Betty', 'Jackson', 'betty.jackson@example.com', '91718041'),
('homeowner20', 'Timothy', 'Gonzalez', 'timothy.gonzalez@example.com', '98004881'),
('homeowner21', 'Melissa', 'Johnson', 'melissa.johnson@example.com', '96113800'),
('homeowner22', 'Susan', 'Clark', 'susan.clark@example.com', '98082019'),
('homeowner23', 'Steven', 'Smith', 'steven.smith@example.com', '98689887'),
('homeowner24', 'Linda', 'Evans', 'linda.evans@example.com', '98692384'),
('homeowner25', 'William', 'Hall', 'william.hall@example.com', '98281109'),
('manager1', 'Timothy', 'Jones', 'timothy.jones@example.com', '91395204'),
('manager2', 'Dorothy', 'Miller', 'dorothy.miller@example.com', '92264315'),
('manager3', 'John', 'Miller', 'john.miller@example.com', '96861501'),
('manager4', 'Michelle', 'Martin', 'michelle.martin@example.com', '94823045'),
('manager5', 'Timothy', 'Jones', 'timothy.jones@example.com', '95242217'),
('manager6', 'Linda', 'Hall', 'linda.hall@example.com', '96602467'),
('manager7', 'Margaret', 'Jones', 'margaret.jones@example.com', '92522515'),
('manager8', 'Carol', 'Scott', 'carol.scott@example.com', '96630460'),
('manager9', 'James', 'Sanchez', 'james.sanchez@example.com', '96471741'),
('manager10', 'Thomas', 'Evans', 'thomas.evans@example.com', '95996810'),
('manager11', 'Michelle', 'Wright', 'michelle.wright@example.com', '95341761'),
('manager12', 'Lisa', 'Moore', 'lisa.moore@example.com', '95533399'),
('manager13', 'Ashley', 'Smith', 'ashley.smith@example.com', '94727315'),
('manager14', 'Deborah', 'Harris', 'deborah.harris@example.com', '99421553'),
('manager15', 'Donald', 'Jones', 'donald.jones@example.com', '91147840'),
('manager16', 'Patricia', 'Davis', 'patricia.davis@example.com', '91341795'),
('manager17', 'Sharon', 'Evans', 'sharon.evans@example.com', '98504441'),
('manager18', 'Melissa', 'Scott', 'melissa.scott@example.com', '92869872'),
('manager19', 'Mary', 'Wright', 'mary.wright@example.com', '98919123'),
('manager20', 'Robert', 'Martinez', 'robert.martinez@example.com', '99679783'),
('manager21', 'Anthony', 'Anderson', 'anthony.anderson@example.com', '92078424'),
('manager22', 'Ronald', 'Jackson', 'ronald.jackson@example.com', '93625195'),
('manager23', 'Susan', 'Taylor', 'susan.taylor@example.com', '93546213'),
('manager24', 'Donald', 'Nelson', 'donald.nelson@example.com', '97449168'),
('manager25', 'Sarah', 'Edwards', 'sarah.edwards@example.com', '96244415');


-- ServiceCategory test data
INSERT INTO ServiceCategory (name, description, isActive) VALUES
('Cleaning #1', 'Congue Vehicula Donec Dictum Vel Dictum Maximus. Blandit. Maecenas Tristique', TRUE),
('Sweeping #1', 'Egestas. Ut. Vel Morbi Lectus. Dictum Adipiscing Pellentesque Consectetur Ut.', TRUE),
('Washing #1', 'Morbi Vel Vel Non Nisi. Netus Ac Sapien Pellentesque Netus', TRUE),
('Polishing #1', 'Lectus, Elementum Sapien Volutpat. Nunc Nibh Vel Maximus Mauris Mauris', TRUE),
('Dusting #1', 'Nunc At Dictum Vivamus Et Blandit. Sagittis Dictum Vehicula Et', TRUE),
('Vacuuming #1', 'Pretium Pellentesque Varius Erat Ut Maximus. Tristique Morbi Purus Mollis', TRUE),
('Sanitizing #1', 'Vel Et Consectetur Netus Vestibulum Maximus. Purus Odio Dictum Nisi', TRUE),
('Organizing #1', 'Donec Non Et Dolor Lectus, Cursus Tempor Odio. Ipsum Senectus', TRUE),
('Mopping #1', 'Consequat Praesent Congue Mollis Blandit. Pretium Non Adipiscing Dolor Maximus.', TRUE),
('Tidying #1', 'Senectus Consequat Congue Aliquam Et Quisque Lectus, Vel In Et', TRUE),
('Cleaning #2', 'Et Maximus Sed Fames Mauris Massa Netus Erat Fames Sed', TRUE),
('Sweeping #2', 'Et Vivamus Pellentesque Erat Ut. Sed Consectetur Donec Facilisis Odio.', TRUE),
('Washing #2', 'Erat Habitant In Leo Tortor Lectus, Ut Vel Elit. Non', TRUE),
('Polishing #2', 'In. Et Leo, Fames Maximus Lectus. Mauris Pellentesque Adipiscing Dictum', TRUE),
('Dusting #2', 'Sapien Blandit. Non Nisi Non Varius Tincidunt. Tempor Erat Praesent', TRUE),
('Vacuuming #2', 'Pellentesque Vivamus Nisi. Varius Leo, Donec Maecenas Malesuada Ullamcorper Dictum', TRUE),
('Sanitizing #2', 'Malesuada Netus Amet In Facilisis Volutpat. Sed Et Aliquam Lectus,', TRUE),
('Organizing #2', 'Elementum Aliquam Adipiscing Nibh Fames Non Dictum Et Purus Varius', TRUE),
('Mopping #2', 'Tristique Ut. Quisque Malesuada Vestibulum Varius Et Dictum Habitant Nisi', TRUE),
('Tidying #2', 'Varius Elit. Nunc Pretium Commodo. Nisi. Turpis In Vel Sagittis', TRUE),
('Cleaning #3', 'Nibh In Elementum Elementum Malesuada Pretium Elementum Nisi Vel Pellentesque', TRUE),
('Sweeping #3', 'Ac Massa Tincidunt. Leo, Et Odio Mollis Lectus. Praesent Sagittis', TRUE),
('Washing #3', 'Sagittis Maximus Purus Congue Odio. In Cursus In Nisi. Adipiscing', TRUE),
('Polishing #3', 'Ullamcorper Pellentesque Congue Maecenas Pellentesque Lectus. In In Egestas. Porttitor', TRUE),
('Dusting #3', 'Sem. Blandit. Ipsum Elit. Ut In. Dictum Aliquam Pellentesque Ullamcorper', TRUE),
('Vacuuming #3', 'Sit Pellentesque Lorem Lectus. Vestibulum Habitant Facilisis Nisi. Non Blandit.', TRUE),
('Sanitizing #3', 'In Nibh Maecenas Et Odio Ut Mauris Quisque Non Iaculis.', TRUE),
('Organizing #3', 'Mauris Rutrum Commodo. Sagittis Tempor Maecenas Sed Leo In. Sem.', TRUE),
('Mopping #3', 'Et Ipsum Lorem Commodo. Sapien Sit Cursus Nisi Non Dolor', TRUE),
('Tidying #3', 'Cursus Malesuada Ullamcorper Morbi Praesent Quisque Donec Tempor Lectus, Leo', TRUE),
('Cleaning #4', 'Nunc Mauris Vel Senectus Ut Lorem Facilisis Elementum In Et', TRUE),
('Sweeping #4', 'Elementum Consequat Elementum Non Vestibulum Habitant Ac Dictum Vel Et', TRUE),
('Washing #4', 'Fames Amet Facilisis Senectus Maximus. Malesuada Nisi Sagittis Ipsum Et', TRUE),
('Polishing #4', 'Erat Donec Erat Sit Nibh Et Congue Maecenas Sagittis Pellentesque', TRUE),
('Dusting #4', 'In Nunc Egestas. Non Lorem Consequat Nisi At Erat Erat', TRUE),
('Vacuuming #4', 'Ipsum Morbi Ipsum Facilisis Non Turpis Nisi. Blandit. Vivamus Ipsum', TRUE),
('Sanitizing #4', 'Ut Pellentesque Sem. Erat Dolor Commodo. Mauris Consectetur Ut Et', TRUE),
('Organizing #4', 'Adipiscing Varius Leo, Consectetur Ullamcorper Donec Et Ut Erat Rutrum', TRUE),
('Mopping #4', 'Sapien Donec Adipiscing Leo, Odio Vehicula Quisque Congue Vestibulum Pellentesque', TRUE),
('Tidying #4', 'Aliquam Vestibulum Sem. Vel At Purus Sed Vel Vel Mollis', TRUE),
('Cleaning #5', 'Dolor Vel Tempor Malesuada Vehicula Et Porttitor Lorem Praesent Adipiscing', TRUE),
('Sweeping #5', 'Donec Sagittis Lectus. Nisi. Ut Pretium Fames Elementum Netus Purus', TRUE),
('Washing #5', 'Vestibulum Dictum Pellentesque Pellentesque Nisi Ac Pretium Tincidunt. Nibh Sed', TRUE),
('Polishing #5', 'Et Lorem Consectetur Consequat Maximus. Blandit. In Tristique Cursus In', TRUE),
('Dusting #5', 'Tincidunt. Lorem Pretium Nunc Sed Quisque Quisque Massa Et Purus', TRUE),
('Vacuuming #5', 'Sem. Habitant Praesent Malesuada Mauris Pellentesque Pretium Elit. Vel Vestibulum', TRUE),
('Sanitizing #5', 'Dictum Tristique Habitant Malesuada Ut Facilisis Ullamcorper Leo, Odio. Dictum', TRUE),
('Organizing #5', 'Ut Pellentesque Massa Consectetur Vestibulum Dolor Donec Vehicula In Sed', TRUE),
('Mopping #5', 'Lectus, Vestibulum Lorem Erat Congue Consequat Ipsum Tincidunt. Non Ac', TRUE),
('Tidying #5', 'In Volutpat. Varius Cursus Sapien Sem. Nibh Nisi Sit Lectus.', TRUE),
('Cleaning #6', 'Vel Maecenas Habitant Nibh Maximus Non Lorem Sed In Vel', TRUE),
('Sweeping #6', 'Odio Vel Maecenas Lorem Dictum Habitant Pellentesque Erat Et Cursus', TRUE),
('Washing #6', 'Ipsum Rutrum Varius In. Vivamus Morbi Lorem Vehicula Leo, Pretium', TRUE),
('Polishing #6', 'Sed Ipsum Vel Erat Lorem In Erat Donec Vehicula Lorem', TRUE),
('Dusting #6', 'Vivamus Consectetur Cursus Lorem Et Ac Malesuada In Purus Facilisis', TRUE),
('Vacuuming #6', 'Mollis Nunc Lorem Varius Lectus. Senectus Congue Dolor Lorem Erat', TRUE),
('Sanitizing #6', 'Ut Fames Cursus In At Turpis Iaculis. Vel Varius Porttitor', TRUE),
('Organizing #6', 'Sem. Lorem Maximus. Volutpat. Consectetur Sit Nibh Et Mauris Lectus.', TRUE),
('Mopping #6', 'Maximus. Varius Turpis Morbi Et In. Leo, Pretium Ullamcorper Netus', TRUE),
('Tidying #6', 'Nibh Donec Lectus, Et Lorem Rutrum Dolor Tempor Donec Erat', TRUE),
('Cleaning #7', 'Elementum Elementum Donec Lorem Purus Ipsum Vel Netus Quisque Volutpat.', TRUE),
('Sweeping #7', 'Vehicula Mollis Dolor Lectus. Adipiscing Vehicula Lorem Et Porttitor Massa', TRUE),
('Washing #7', 'Ac Rutrum Non Malesuada Et Sem. In. Mollis Malesuada Volutpat.', TRUE),
('Polishing #7', 'Vel Elementum Vel Ut Varius Leo Maximus Mollis Vestibulum Rutrum', TRUE),
('Dusting #7', 'Et Non Pretium Sed Senectus Rutrum Et Facilisis Mauris In', TRUE),
('Vacuuming #7', 'Maximus Leo Ut Donec Fames Donec Sem. Leo, Odio Sagittis', TRUE),
('Sanitizing #7', 'Elit. Erat Nunc Vel Tristique Nisi Egestas. In Lorem Pellentesque', TRUE),
('Organizing #7', 'Non Non Maximus. Donec Cursus Blandit. Massa Lorem Malesuada In', TRUE),
('Mopping #7', 'Blandit. Et Dolor Sem. Donec In Tempor Elit. Ut Erat', TRUE),
('Tidying #7', 'Sed Vivamus Odio. Cursus Praesent Lorem Odio. Ut Et Tincidunt.', TRUE),
('Cleaning #8', 'Habitant Porttitor Vestibulum At Elementum Odio Senectus Vehicula In Tortor', TRUE),
('Sweeping #8', 'Volutpat. Dolor Odio Elit. Senectus Quisque Sapien Tempor Leo Nibh', TRUE),
('Washing #8', 'Elementum Lorem Pellentesque In Cursus In Tristique Leo Maecenas Nisi', TRUE),
('Polishing #8', 'Lectus, Ut Sem. Ipsum Mollis Nisi In Maximus Nisi. Pellentesque', TRUE),
('Dusting #8', 'Pellentesque Sed Elit. Vel Praesent In Morbi Nisi Iaculis. Volutpat.', TRUE),
('Vacuuming #8', 'Leo, Elit. Lorem Ut Aliquam Vestibulum Vel Tristique Pretium Dolor', TRUE),
('Sanitizing #8', 'Vehicula Ac Vehicula Ullamcorper Odio Dolor Sed Netus Vel Ut.', TRUE),
('Organizing #8', 'Et Lorem Consequat Tincidunt. Tincidunt. Ipsum In Sapien Nibh Ut', TRUE),
('Mopping #8', 'Vel Pretium In Lectus. Purus Turpis Congue In Vel Leo', TRUE),
('Tidying #8', 'Sapien Nunc Sapien In Non Lectus. Vel Cursus Cursus Adipiscing', TRUE),
('Cleaning #9', 'Dictum Mollis Pretium Non In Tristique Nibh In. Purus Maximus', TRUE),
('Sweeping #9', 'Adipiscing Volutpat. Pretium Lorem Leo, Volutpat. Et Donec Iaculis. Ipsum', TRUE),
('Washing #9', 'In Aliquam Vel Dictum Erat Purus Dictum Non Aliquam Ut', TRUE),
('Polishing #9', 'Volutpat. Dolor Et Et Odio Erat Commodo. Cursus Vehicula Tristique', TRUE),
('Dusting #9', 'Dictum Non Habitant Turpis Lorem Non Blandit. Leo, Vel In', TRUE),
('Vacuuming #9', 'Et Habitant Amet Purus Pellentesque In In Sagittis Vel Lectus,', TRUE),
('Sanitizing #9', 'Pretium Sed Senectus Ipsum Morbi Elit. Blandit. Tincidunt. Blandit. Pellentesque', TRUE),
('Organizing #9', 'Ullamcorper Lorem Et Pretium Sagittis Donec Lectus, Congue Mollis Nisi.', TRUE),
('Mopping #9', 'Nisi Et Mollis Et Erat Commodo. Erat In Blandit. Cursus', TRUE),
('Tidying #9', 'Mollis Cursus Pellentesque Donec Volutpat. Vel Varius Commodo. Odio. Lectus.', TRUE),
('Cleaning #10', 'Vel Lectus, Et Praesent Lorem Habitant Maximus Mauris Mauris Egestas.', TRUE),
('Sweeping #10', 'Rutrum Odio. Non Et Porttitor Vehicula Senectus Dictum Turpis Cursus', TRUE),
('Washing #10', 'Lectus. Facilisis Non Nunc Vestibulum Sapien Vestibulum Elit. Egestas. Cursus', TRUE),
('Polishing #10', 'Vivamus Sed Maecenas Mauris Vel Consectetur Sapien Elit. Maecenas Pellentesque', TRUE),
('Dusting #10', 'Senectus At Non Leo In In Morbi Tristique Blandit. Egestas.', TRUE),
('Vacuuming #10', 'Nibh Rutrum Consequat Nisi Volutpat. Leo Sit Massa Sagittis Odio', TRUE),
('Sanitizing #10', 'Ut Nunc Sit In Facilisis Pellentesque Mollis Consequat Adipiscing Varius', TRUE),
('Organizing #10', 'Leo Commodo. Congue Massa Ut Vel Non Rutrum Dictum Leo', TRUE),
('Mopping #10', 'Egestas. Nunc Pretium Sed Pellentesque Nibh Nunc Amet Et Iaculis.', TRUE),
('Tidying #10', 'Varius Blandit. Odio Egestas. Consectetur Et Donec Vel Dolor Morbi', TRUE);


-- Service test data
INSERT INTO Service (cleanerUsername, categoryID, description, pricePerHour, isActive) VALUES
('cleaner25', 88, 'In Vel Elit. Aliquam Sed Ut Volutpat. Sapien Egestas. Maecenas', 11.50, TRUE),
('cleaner24', 52, 'Blandit. Vel Et Purus Volutpat. Iaculis. Praesent Rutrum Pretium Vestibulum', 4.40, TRUE),
('cleaner8', 39, 'Vel Et Dictum Pretium Vel Tincidunt. Sem. Et Ut Egestas.', 12.50, TRUE),
('cleaner21', 28, 'Sed Leo, Ut. Porttitor Pellentesque Dolor Aliquam Pretium Erat Lorem', 6.30, TRUE),
('cleaner4', 28, 'Sagittis Maecenas Mauris Dictum Et Vivamus Blandit. Commodo. Et Habitant', 15.95, TRUE),
('cleaner4', 49, 'Donec Ac Consequat Tempor Dolor Tincidunt. Commodo. Consequat Lectus, Massa', 8.85, TRUE),
('cleaner12', 83, 'Sit Tristique Sagittis Aliquam Amet Nibh In Vestibulum Sem. Lorem', 7.95, TRUE),
('cleaner14', 1, 'Varius Volutpat. Senectus Mauris Turpis Et Cursus Consequat Mollis Vehicula', 6.00, TRUE),
('cleaner15', 3, 'Elit. Turpis Elementum Odio. Nibh In Ipsum Tempor Nisi Ipsum', 5.80, TRUE),
('cleaner5', 38, 'Tortor Maximus. Dictum Et Ac Odio Praesent Amet Elit. Porttitor', 6.45, TRUE),
('cleaner19', 9, 'Donec Maximus. Et Ut Netus Purus Nibh Nibh Purus Pellentesque', 3.20, TRUE),
('cleaner14', 30, 'Netus Maecenas Vel Netus Facilisis Et In Vestibulum Senectus Non', 7.70, TRUE),
('cleaner19', 37, 'Leo Congue Donec Leo, Leo, Egestas. Vel Pellentesque Blandit. Malesuada', 14.60, TRUE),
('cleaner9', 15, 'Ut. Turpis Commodo. Vel Dolor Nisi Lorem Ut Dictum In', 17.60, TRUE),
('cleaner17', 90, 'Dictum Praesent Maecenas Lorem In Leo Commodo. Tortor Consequat Donec', 3.45, TRUE),
('cleaner12', 26, 'Ut Non Lectus. Sem. Consequat Dictum Amet Ac Vel Egestas.', 19.85, TRUE),
('cleaner17', 4, 'Vestibulum Sagittis Pellentesque Ut. Pellentesque Ipsum Facilisis Cursus Purus Praesent', 1.85, TRUE),
('cleaner15', 24, 'Vivamus Turpis Leo, Mauris Vivamus Massa Sagittis Et Vel Elit.', 16.50, TRUE),
('cleaner23', 43, 'Ut Fames Turpis Massa Odio In Quisque In Non Lorem', 2.70, TRUE),
('cleaner25', 81, 'Rutrum Consectetur Leo, Pellentesque Consequat Donec Varius Lorem Dolor Congue', 14.80, TRUE),
('cleaner10', 83, 'Et Congue Pellentesque Pellentesque Quisque Pellentesque Et In Varius In', 15.30, TRUE),
('cleaner8', 47, 'Sapien Ac Sed Donec Praesent Consequat Lectus. Erat Dictum Ac', 1.35, TRUE),
('cleaner17', 66, 'Odio. Rutrum Senectus Lectus. Porttitor Tincidunt. Ac Vel Cursus Vel', 19.35, TRUE),
('cleaner17', 59, 'Consectetur Aliquam Purus Ac Varius Vehicula Ut. In. Erat Cursus', 2.80, TRUE),
('cleaner12', 16, 'Commodo. Purus Porttitor Et Consequat Sit Ullamcorper Porttitor Netus Odio.', 2.80, TRUE),
('cleaner24', 44, 'Erat Et Ut. Nisi Dictum Donec Consequat Leo Vehicula Lorem', 15.55, TRUE),
('cleaner25', 38, 'Morbi Donec Volutpat. Nibh Non Morbi Tristique Purus Sem. In', 16.00, TRUE),
('cleaner3', 34, 'Lectus, Et Consectetur In Elit. Pretium Et In Vestibulum In', 12.45, TRUE),
('cleaner19', 81, 'Quisque Adipiscing Ut Morbi Praesent Pellentesque Vel Leo In Ut', 5.10, TRUE),
('cleaner11', 97, 'Congue Vivamus Tincidunt. Porttitor Vel Leo, Varius Congue Massa Et', 8.30, TRUE),
('cleaner11', 89, 'Ullamcorper Pellentesque Et Et Vivamus Porttitor Nisi. Purus Aliquam In', 14.30, TRUE),
('cleaner20', 52, 'Sed Sem. Nisi. Pretium Mollis In. Maecenas Vel Lectus. Lorem', 9.60, TRUE),
('cleaner20', 39, 'Ullamcorper Volutpat. Donec Non Lorem Purus Ut Tincidunt. In. Vestibulum', 8.70, TRUE),
('cleaner23', 8, 'Congue Rutrum Senectus Volutpat. Cursus Sagittis Et Pellentesque In Habitant', 10.00, TRUE),
('cleaner11', 37, 'Mauris Rutrum Et Porttitor Tortor Nisi Sed Mauris Et Et', 2.65, TRUE),
('cleaner17', 49, 'Non Donec Donec Erat Et Massa Amet Volutpat. Ullamcorper Maximus', 3.75, TRUE),
('cleaner24', 89, 'Maximus. Tristique Blandit. Sagittis Leo, Ipsum Maximus. Et Leo, Pellentesque', 16.00, TRUE),
('cleaner4', 80, 'Et Ullamcorper In Mollis Pretium Sagittis Netus Nunc Egestas. Pretium', 9.80, TRUE),
('cleaner2', 80, 'Habitant Turpis Lectus, Et Commodo. Tortor Et Sapien Congue Massa', 13.20, TRUE),
('cleaner1', 38, 'Ullamcorper In Mauris Vivamus Congue Tortor Leo Vel Vestibulum Vel', 14.00, TRUE),
('cleaner9', 15, 'Massa Consequat Vel Consectetur Porttitor Nibh Vestibulum Sem. Pretium Quisque', 17.10, TRUE),
('cleaner21', 91, 'Purus Malesuada Odio. Tempor Lectus. Blandit. Sem. Vel Facilisis Dictum', 2.50, TRUE),
('cleaner1', 74, 'Malesuada Nisi. Blandit. Pellentesque In Nisi. Senectus Dolor In Mollis', 19.55, TRUE),
('cleaner7', 18, 'Lectus, Porttitor Ut. Porttitor Lorem Et Turpis At Elementum Malesuada', 5.10, TRUE),
('cleaner12', 19, 'Pellentesque Turpis Odio In Lectus, Vestibulum Vehicula Dolor Vel In', 3.10, TRUE),
('cleaner9', 29, 'Ut. Donec Aliquam Turpis Leo, Pellentesque Vivamus Sed Vestibulum Quisque', 4.45, TRUE),
('cleaner23', 90, 'Donec Odio. Pellentesque Erat Maecenas Vestibulum Ut Dictum Ut Malesuada', 14.95, TRUE),
('cleaner19', 1, 'Mauris Nisi Et Elementum Blandit. Donec Et In Nibh Sapien', 12.75, TRUE),
('cleaner12', 45, 'Mollis Nisi. Pretium Mauris Rutrum Tortor In Vel Maecenas Vestibulum', 4.35, TRUE),
('cleaner6', 77, 'Pellentesque Sed Netus Pellentesque Sed Vel Odio Nunc Ipsum Mauris', 2.50, TRUE),
('cleaner12', 18, 'Pretium Ut Odio. Vel Vel Et Consequat Elit. Pellentesque Vel', 6.65, TRUE),
('cleaner8', 82, 'Nisi Vestibulum Massa Aliquam Mollis Consequat Ullamcorper Cursus Cursus Tortor', 13.60, TRUE),
('cleaner25', 67, 'Pellentesque Pellentesque Morbi Tempor Elementum Senectus Pretium Praesent Lorem Quisque', 12.00, TRUE),
('cleaner5', 4, 'Amet Maximus Adipiscing Pellentesque Maximus Erat Varius Vel Sem. Elementum', 19.50, TRUE),
('cleaner23', 26, 'Lectus, Dolor Donec Ipsum At Maecenas Dictum Ac Odio In', 17.90, TRUE),
('cleaner17', 61, 'Erat Volutpat. Iaculis. Volutpat. In Lorem Maximus Senectus Nunc Ut.', 10.25, TRUE),
('cleaner2', 58, 'Erat Purus Netus Et Tortor Nibh Sit Vehicula Fames Dolor', 14.55, TRUE),
('cleaner16', 99, 'In Vel Leo Blandit. Consectetur Habitant Pellentesque Vel Morbi Pretium', 11.90, TRUE),
('cleaner7', 50, 'Odio. Aliquam Maecenas Sit Varius Aliquam Lorem Commodo. Morbi Elementum', 12.10, TRUE),
('cleaner12', 19, 'Tortor Elementum Pretium Volutpat. Sit Nunc Malesuada Odio. Varius Mollis', 18.70, TRUE),
('cleaner10', 40, 'Adipiscing Non Vehicula Et Lorem Maecenas Leo, Vestibulum Ut. Pellentesque', 11.45, TRUE),
('cleaner14', 40, 'Vel Ut. Blandit. Elit. Congue Tincidunt. Sem. Rutrum Vehicula Leo', 2.10, TRUE),
('cleaner9', 73, 'Massa Lectus, Turpis Ac In Et In Nibh Ut Purus', 7.10, TRUE),
('cleaner11', 23, 'In. Vel Habitant Sapien Tincidunt. Vehicula Senectus Turpis Ullamcorper Dictum', 6.85, TRUE),
('cleaner23', 100, 'Et Blandit. Netus Lectus. Netus Vivamus Consequat Pellentesque Non Fames', 16.35, TRUE),
('cleaner17', 96, 'Maecenas Lorem Elit. Nibh In Turpis Turpis Habitant Ipsum Egestas.', 3.95, TRUE),
('cleaner10', 45, 'Nisi. Lectus, Cursus Blandit. Vel Pellentesque Sed Pellentesque Lorem Tristique', 7.40, TRUE),
('cleaner4', 75, 'Vel Morbi Lorem Massa Cursus Consectetur In Consectetur Lorem In', 15.75, TRUE),
('cleaner6', 39, 'Varius Sit Ipsum Morbi Facilisis Commodo. Lorem Vestibulum Vel In', 19.40, TRUE),
('cleaner22', 18, 'Odio. Rutrum Facilisis Vel Mollis Pellentesque Ipsum Turpis Pellentesque Odio.', 14.55, TRUE),
('cleaner17', 16, 'Dictum Erat Et Pellentesque Consectetur Vel Lorem Leo, In. Massa', 5.55, TRUE),
('cleaner17', 21, 'Ullamcorper Mollis Ut. Leo Egestas. Congue Facilisis Blandit. Varius Sed', 15.70, TRUE),
('cleaner13', 35, 'Et Donec Non Nisi. Mauris Dictum Rutrum Nisi Nibh Et', 9.85, TRUE),
('cleaner3', 26, 'Turpis In Odio Lectus, Mauris Sem. Pretium Morbi Lorem Maecenas', 15.10, TRUE),
('cleaner23', 35, 'Et Lectus. Ut. Aliquam Non Sagittis Maecenas Iaculis. Senectus In', 9.25, TRUE),
('cleaner4', 99, 'Cursus Elementum Sem. Tortor Et Ipsum Vehicula Lorem Rutrum Tristique', 11.50, TRUE),
('cleaner6', 9, 'Nibh Odio. Netus In Rutrum Sagittis In Lorem Sapien Vel', 19.95, TRUE),
('cleaner19', 45, 'Nisi At Massa Leo, Erat At Erat Leo Massa Erat', 13.45, TRUE),
('cleaner3', 58, 'Donec Odio. Vel Nisi Nisi Netus Pretium In Consectetur Vel', 9.95, TRUE),
('cleaner4', 41, 'Massa Congue Mollis Vestibulum Vivamus Lorem Nisi Donec Pellentesque Commodo.', 11.50, TRUE),
('cleaner20', 90, 'Odio In Tempor Dictum Rutrum Netus In Et Pretium Elit.', 18.80, TRUE),
('cleaner21', 95, 'Varius Elit. Purus Consequat Habitant Sagittis Iaculis. Tortor Habitant Pretium', 14.50, TRUE),
('cleaner13', 94, 'Nisi Consectetur Pellentesque Sed Dictum Mollis Pellentesque Vel Sed Consequat', 3.85, TRUE),
('cleaner5', 100, 'In Volutpat. Morbi Senectus Lorem Odio Dolor Et Commodo. Maximus.', 5.25, TRUE),
('cleaner18', 90, 'Vestibulum Pretium Ac Ut. Iaculis. Vestibulum Mollis In Vel In', 16.30, TRUE),
('cleaner17', 39, 'Netus Malesuada Volutpat. Consectetur Vestibulum Consectetur Pellentesque Lectus, Porttitor Porttitor', 17.75, TRUE),
('cleaner14', 7, 'Sem. Rutrum Sed Vivamus Mollis Aliquam In Adipiscing Congue Dolor', 12.65, TRUE),
('cleaner12', 49, 'Morbi Tristique Dolor Massa Et Varius Nisi Odio In. Egestas.', 17.20, TRUE),
('cleaner8', 88, 'Massa Et Sed Vestibulum Et Netus Vivamus Pretium Pretium Et', 13.85, TRUE),
('cleaner14', 28, 'Nibh Sit Lectus. Odio Massa Tincidunt. Et Sit Nibh Nunc', 11.95, TRUE),
('cleaner5', 47, 'Lorem Consectetur Leo, Vivamus Elit. Consequat Iaculis. Blandit. Sit Purus', 11.65, TRUE),
('cleaner15', 87, 'Facilisis Leo At Vestibulum Praesent Tincidunt. In Pellentesque Et Tempor', 9.60, TRUE),
('cleaner9', 3, 'Sagittis In In Congue Ut Habitant Mauris Maximus. Elementum Lorem', 4.15, TRUE),
('cleaner25', 8, 'Facilisis Nibh In Adipiscing Tincidunt. Mauris Sapien Et Maecenas Aliquam', 8.00, TRUE),
('cleaner21', 85, 'Lectus. In Habitant Sagittis Purus Lorem Quisque Et Netus Sit', 10.75, TRUE),
('cleaner1', 85, 'Quisque Et Turpis Et Consequat Maximus Et Dolor Donec Ut.', 4.45, TRUE),
('cleaner24', 77, 'Donec Iaculis. Varius Mollis Leo, Purus In Nisi. Vel Quisque', 18.50, TRUE),
('cleaner9', 38, 'Lectus, Turpis Vel Turpis Et Morbi Praesent Et Nisi. Vel', 5.55, TRUE),
('cleaner1', 27, 'Vel Tempor Vel Vel Habitant Commodo. Et In Cursus Ut', 17.75, TRUE),
('cleaner9', 79, 'Sit Erat Nisi Massa Elit. Nunc Leo, Pellentesque Consectetur Commodo.', 2.30, TRUE),
('cleaner7', 1, 'Ut. Vel Maximus In. Elit. Erat In Lectus, Non Pretium', 5.45, TRUE),
('cleaner7', 72, 'Ipsum Netus Nibh Iaculis. Consectetur Ut Pretium Vel Dolor Lorem', 18.55, TRUE),
('cleaner3', 74, 'Donec Non Vel Iaculis. Varius Praesent Non Non Mauris Nibh', 16.55, TRUE),
('cleaner4', 78, 'Et Leo, Senectus Congue Nisi. Donec In. Netus Maximus. Ullamcorper', 16.10, TRUE),
('cleaner10', 100, 'Elit. Ut. Nisi Nunc Porttitor Ut Erat Fames Odio. Facilisis', 10.55, TRUE),
('cleaner7', 99, 'Vestibulum Pellentesque Sit Varius Tempor Odio Tristique Pellentesque Dictum In', 16.30, TRUE),
('cleaner15', 79, 'Mauris In Vel Nisi. Sem. In Pellentesque In Tristique Elementum', 10.10, TRUE),
('cleaner19', 74, 'Vivamus Ut. Habitant Maximus Praesent Pellentesque Maecenas Dictum Pretium Rutrum', 12.60, TRUE),
('cleaner6', 33, 'Pellentesque Pellentesque Tincidunt. Elementum Vestibulum Malesuada Massa Elementum Vestibulum Et', 17.45, TRUE),
('cleaner24', 68, 'Dictum Nibh Iaculis. Et Cursus Lectus, Donec Dictum Et Varius', 5.50, TRUE),
('cleaner9', 86, 'Consectetur In. Nunc Consequat Odio Et Vel Donec Adipiscing Consectetur', 10.75, TRUE),
('cleaner18', 86, 'Porttitor Vel Donec In Vehicula Nunc Netus Nunc Et Ipsum', 5.15, TRUE),
('cleaner12', 58, 'Leo Non Pretium Fames At In. Odio. Quisque Cursus Lorem', 11.85, TRUE),
('cleaner1', 42, 'Pretium Leo Cursus Maximus Nisi. Ullamcorper Leo, Aliquam Pretium Tempor', 19.55, TRUE),
('cleaner16', 9, 'Elit. Egestas. Sapien Et Ut. Amet Sed Ullamcorper Lectus. Vel', 12.40, TRUE),
('cleaner12', 3, 'Odio. Tristique Vestibulum Ipsum Et Ut Tempor In Lectus, Habitant', 19.70, TRUE),
('cleaner12', 96, 'Sed Turpis Blandit. Odio. Pellentesque Nunc Ipsum Et Fames Pretium', 18.05, TRUE),
('cleaner23', 27, 'Morbi Erat Sapien Sed Nisi. Et Congue Sagittis Ac Quisque', 11.10, TRUE),
('cleaner23', 43, 'In Donec Quisque In Elementum Consectetur Mauris Sed Turpis Ullamcorper', 10.00, TRUE),
('cleaner5', 67, 'Massa Et Ipsum Leo, Lorem Vel Ut Pretium Nibh Consequat', 9.50, TRUE),
('cleaner18', 26, 'Maecenas Amet Massa Vel Lorem Egestas. Dolor Blandit. Maximus Varius', 2.70, TRUE),
('cleaner24', 18, 'Ipsum Nisi. Nisi Egestas. Ipsum Et Nunc Lectus, Nisi. Sapien', 13.90, TRUE),
('cleaner14', 52, 'Ut. In Leo Ipsum Ipsum Sagittis Nisi. Sed Lectus. Morbi', 5.80, TRUE),
('cleaner13', 54, 'Non Mollis Vel Porttitor Vel Pretium Dictum Dolor In. Ac', 7.95, TRUE),
('cleaner10', 10, 'Elit. Morbi Praesent Pellentesque Sed Donec Lorem Varius Varius Cursus', 12.95, TRUE),
('cleaner22', 68, 'Pretium Vel Vivamus Purus Sem. Nisi. Odio. Pretium Leo, Consectetur', 14.35, TRUE),
('cleaner18', 54, 'Senectus Sagittis Lorem Malesuada Pellentesque Nunc Et Lorem Lorem Pretium', 17.15, TRUE),
('cleaner6', 40, 'Commodo. In Nibh In Vestibulum Tincidunt. Purus Purus Sed In', 2.65, TRUE),
('cleaner9', 30, 'Ut Lectus. At Amet At Porttitor At Turpis Purus Porttitor', 11.95, TRUE),
('cleaner6', 98, 'Pellentesque Lectus. Cursus Facilisis Purus Sapien Volutpat. Consectetur Pretium At', 3.70, TRUE),
('cleaner15', 72, 'Dolor Aliquam Vel Mollis Sagittis In Ullamcorper In Rutrum Lectus.', 12.40, TRUE),
('cleaner22', 32, 'Vivamus Amet In Purus Ut Et Ut Nunc Maecenas Dolor', 9.90, TRUE),
('cleaner9', 91, 'Lorem Et Donec Pretium Pellentesque Malesuada Consequat Ut. Congue Mauris', 16.15, TRUE),
('cleaner8', 86, 'Tortor Pretium Ut Mauris Vestibulum Adipiscing Sapien Vel Vel Vivamus', 15.55, TRUE),
('cleaner9', 14, 'Praesent Pellentesque Consequat Sed Lectus, Turpis Pellentesque Lorem Facilisis Sapien', 4.90, TRUE),
('cleaner7', 78, 'Tincidunt. Ut. Cursus Vel Aliquam Odio Erat Mauris Senectus At', 8.25, TRUE),
('cleaner23', 40, 'Volutpat. Pellentesque Sed Non Et Odio Ut Lorem Vel Ut', 13.20, TRUE),
('cleaner16', 34, 'Tortor Lorem Mauris Sem. Leo Pretium Vel Sed Aliquam Vivamus', 9.25, TRUE),
('cleaner16', 96, 'Ut Cursus Lorem Sed Sed Vehicula In. Malesuada Consectetur Senectus', 2.45, TRUE),
('cleaner20', 85, 'Dictum Purus Vestibulum Donec Lectus. Vehicula Ut Netus Senectus Erat', 17.00, TRUE),
('cleaner8', 2, 'Pellentesque Sed Congue Lorem Ut Cursus Blandit. Vel Sed Facilisis', 5.10, TRUE),
('cleaner17', 59, 'Rutrum Vel Praesent Erat Porttitor Vel Varius Odio. Netus Sapien', 6.85, TRUE),
('cleaner2', 23, 'Lectus. Vehicula Leo, Congue Vel Leo Et In Vel Consequat', 8.85, TRUE),
('cleaner13', 12, 'Adipiscing Turpis Donec Egestas. Non Sapien Lectus. Aliquam Pretium Donec', 16.05, TRUE),
('cleaner14', 34, 'Maecenas Vel In Vel Dictum Elit. Praesent Leo Purus Vel', 11.20, TRUE),
('cleaner4', 95, 'Erat Mollis Lorem Lorem Porttitor Mauris Malesuada Maximus Sed Vel', 19.10, TRUE),
('cleaner18', 6, 'Maximus Pellentesque Pretium Commodo. Aliquam Vestibulum Vel Cursus Erat Dictum', 11.20, TRUE),
('cleaner2', 60, 'Purus Elit. Erat Lorem Ipsum In. Volutpat. Maximus. Quisque Ut.', 7.95, TRUE),
('cleaner14', 18, 'Pellentesque Senectus Vel Mollis Malesuada Dolor Ut. Donec Nisi. Nisi.', 13.25, TRUE),
('cleaner1', 62, 'In Dolor Et Habitant In Pellentesque Non Pretium Lorem Nisi', 9.60, TRUE),
('cleaner6', 11, 'Pellentesque Ut Senectus Nisi. Ut Ac In Vel Lectus. Elementum', 18.90, TRUE),
('cleaner22', 69, 'Morbi Morbi Pellentesque In Vestibulum Pretium Vestibulum Mollis Nunc Fames', 11.70, TRUE),
('cleaner8', 6, 'Maximus. Netus Varius Aliquam Sed Maximus. Vel Ut Quisque In.', 4.20, TRUE),
('cleaner10', 70, 'Erat Ut. Mollis Pretium Praesent Leo Lorem Pretium Sed Iaculis.', 17.70, TRUE),
('cleaner7', 63, 'Massa Maximus. Massa Nibh Varius Nunc Erat Sed Lectus, Lectus.', 4.20, TRUE),
('cleaner23', 64, 'Sagittis Purus Elementum Aliquam Odio Massa Lectus. Maximus. Vehicula Volutpat.', 18.20, TRUE),
('cleaner7', 63, 'Vestibulum Ut Erat In Blandit. Turpis Donec Sapien Facilisis Lorem', 7.60, TRUE),
('cleaner25', 21, 'Pellentesque Pellentesque Vivamus Senectus Tortor Morbi In Nisi Blandit. Rutrum', 2.75, TRUE),
('cleaner23', 15, 'Aliquam Consequat In Senectus Pellentesque Vestibulum Fames Volutpat. Lorem Egestas.', 9.05, TRUE),
('cleaner4', 5, 'Congue Sit Erat Ac Et Odio Vivamus Sem. Netus In', 15.00, TRUE),
('cleaner24', 25, 'Ullamcorper Vel Sem. Lorem Tempor In Odio Cursus Vel Nisi.', 5.20, TRUE),
('cleaner23', 26, 'Donec Varius Cursus Praesent In Vivamus Dictum Elementum Iaculis. Nunc', 16.90, TRUE),
('cleaner9', 59, 'Tristique Dictum Habitant Nunc Amet Ut Leo Dictum Senectus Tortor', 9.25, TRUE),
('cleaner25', 34, 'Erat Sagittis Maximus Maecenas Donec Vivamus Maximus. Non Mollis Nunc', 8.30, TRUE),
('cleaner25', 32, 'Rutrum Volutpat. Erat Mauris Donec Praesent Vel Leo, Quisque Praesent', 13.25, TRUE),
('cleaner14', 70, 'Cursus Vel Habitant Pellentesque Sit In Vestibulum Varius Massa Malesuada', 2.60, TRUE),
('cleaner11', 20, 'Habitant Porttitor Dictum Nisi Pretium Lorem Dictum Blandit. In. Amet', 10.35, TRUE),
('cleaner9', 73, 'Rutrum Pretium Donec Sit Nisi. Maecenas Turpis Sapien Massa Rutrum', 14.60, TRUE),
('cleaner4', 25, 'Purus Sed Iaculis. Nisi Dictum Consequat Donec Porttitor Egestas. Nisi.', 19.40, TRUE),
('cleaner18', 34, 'Malesuada Quisque In Ac In Pretium Malesuada Senectus Leo Dictum', 12.65, TRUE),
('cleaner19', 19, 'Maximus. In Vel Lectus. Nisi Tortor Dolor Lectus. Sed In', 6.95, TRUE),
('cleaner8', 1, 'Vel Vel Mauris Tincidunt. Et Commodo. Fames Sit Pretium Nibh', 12.70, TRUE),
('cleaner25', 16, 'In Donec Pellentesque Aliquam In Pellentesque Non Odio. Odio Pellentesque', 18.70, TRUE),
('cleaner5', 95, 'Odio Odio Pretium Sapien Tempor Pretium Amet Et In. Rutrum', 16.80, TRUE),
('cleaner2', 44, 'Non Erat Vestibulum Sed Odio Vel Porttitor Netus Ut Donec', 12.35, TRUE),
('cleaner5', 69, 'Vestibulum In Dictum Pellentesque Malesuada Et Non Habitant Aliquam Ut.', 8.05, TRUE),
('cleaner12', 89, 'Tristique Vestibulum Maximus Netus Ut. Congue Iaculis. Aliquam Quisque Sem.', 1.20, TRUE),
('cleaner10', 70, 'Nunc Lectus, Cursus Congue Morbi Pellentesque At Pretium Sapien Senectus', 6.85, TRUE),
('cleaner14', 15, 'Lectus. In Elit. Non Volutpat. Sit Egestas. Lorem Maximus. Cursus', 6.80, TRUE),
('cleaner7', 18, 'Odio. Nisi Nisi. Consequat Sit Facilisis Tortor Sed Consectetur Vel', 17.50, TRUE),
('cleaner15', 70, 'Turpis Lorem Maecenas Et Tempor Maximus Odio Maecenas Sed Vel', 12.15, TRUE),
('cleaner14', 28, 'Habitant Morbi Mollis Maximus. Donec Aliquam Nunc Consequat Mauris Malesuada', 19.85, TRUE),
('cleaner18', 3, 'Vestibulum Non Tristique Netus Pretium Facilisis Massa Egestas. Tortor Maximus', 1.45, TRUE),
('cleaner21', 95, 'Mollis Lorem Dictum Egestas. In. Lorem Sed Vel Non Pellentesque', 1.55, TRUE),
('cleaner19', 37, 'Et Dictum Iaculis. Quisque Praesent Cursus Nisi Tempor Vel Consequat', 17.90, TRUE),
('cleaner12', 70, 'Ipsum Morbi Pretium Senectus Tortor Odio. Elit. Praesent Vestibulum At', 19.90, TRUE),
('cleaner1', 35, 'Aliquam Mauris Tempor Netus Dictum Mauris Lectus. Ut Vivamus Leo,', 1.65, TRUE),
('cleaner3', 21, 'Aliquam Non Sed Non Volutpat. Lectus, Et Vehicula Commodo. Pellentesque', 12.65, TRUE),
('cleaner6', 75, 'Et Ut Pretium Dictum Lorem Purus Ullamcorper Iaculis. Turpis Elementum', 11.30, TRUE),
('cleaner10', 33, 'Tristique Egestas. Ut Quisque Odio. Lectus. Lectus. Maximus Tristique In', 15.10, TRUE),
('cleaner3', 82, 'Malesuada Massa Nibh Lorem Non Erat Amet Ut Vel Erat', 16.25, TRUE),
('cleaner2', 17, 'Et Maximus Odio. Sagittis Volutpat. Netus In Erat Donec In', 14.30, TRUE),
('cleaner18', 35, 'Elit. Pellentesque Vivamus Odio. Lorem Sagittis Adipiscing Sagittis Tincidunt. Blandit.', 4.75, TRUE),
('cleaner16', 74, 'Tristique Cursus Non Consectetur Maecenas Pretium Sagittis Consectetur Mollis Maximus', 2.95, TRUE),
('cleaner3', 85, 'Ut In Leo In. Dictum Senectus Ut Porttitor Consectetur Mauris', 13.70, TRUE),
('cleaner16', 3, 'Et Lorem Vel Senectus Donec Adipiscing Consequat Lorem Sed Adipiscing', 13.40, TRUE),
('cleaner9', 46, 'Donec Nibh Nisi Amet Sapien Massa Ac Tortor Pretium Dictum', 9.60, TRUE),
('cleaner19', 27, 'Pretium Sagittis Purus Vel Elementum Facilisis In Maecenas In Maecenas', 2.95, TRUE),
('cleaner14', 71, 'Aliquam Et Congue Praesent Aliquam Aliquam Dictum Nisi Et Vivamus', 10.45, TRUE),
('cleaner25', 60, 'Praesent Ut. Sapien Fames Iaculis. Blandit. Morbi Adipiscing Donec Sapien', 8.95, TRUE),
('cleaner14', 7, 'Ut Consectetur Purus Nisi. Sem. In. Elit. Pellentesque Tempor Blandit.', 3.30, TRUE),
('cleaner1', 79, 'Vel Aliquam Rutrum Vel Pellentesque Odio Et In Malesuada Mollis', 17.10, TRUE),
('cleaner15', 73, 'Maximus. Tempor Tincidunt. In Adipiscing In. Egestas. Ullamcorper Malesuada Iaculis.', 8.00, TRUE),
('cleaner11', 17, 'Quisque Nibh Nunc Dolor Maximus. Erat Et Et Nunc In', 15.80, TRUE),
('cleaner6', 31, 'Consectetur Senectus Maecenas Vel Pellentesque Mauris Vestibulum Vel Netus In', 8.75, TRUE),
('cleaner17', 70, 'Aliquam Massa Tristique Non Nibh Rutrum Tempor Odio. Consequat Donec', 15.60, TRUE),
('cleaner13', 94, 'Commodo. Consequat Quisque Et Amet Vel Ac Et Ut. Dictum', 6.75, TRUE),
('cleaner21', 55, 'Erat Vel Senectus Egestas. Et Sed Amet Mollis Vel Sem.', 11.00, TRUE),
('cleaner16', 23, 'Tempor Vel Vel Maecenas Vestibulum Ut Egestas. At Vestibulum Sed', 18.95, TRUE),
('cleaner1', 8, 'Dictum Vel In Pellentesque Morbi Habitant Habitant In Sit Et', 2.35, TRUE),
('cleaner21', 5, 'Dolor Consectetur Pellentesque Dictum Pellentesque Vehicula Donec Tortor In Vel', 2.25, TRUE),
('cleaner10', 63, 'Sagittis Morbi Erat Vel Maecenas Erat Et Dolor Fames Sed', 13.05, TRUE),
('cleaner9', 18, 'Massa Sit Odio. Donec Lorem In. In Leo Vel In', 13.30, TRUE),
('cleaner21', 75, 'Varius Nibh Leo, Nunc Odio. Sed Amet Cursus Consectetur Mauris', 10.80, TRUE),
('cleaner14', 58, 'Amet Senectus Massa Consectetur Vestibulum Elementum Sem. Mauris Donec Ac', 13.50, TRUE),
('cleaner22', 29, 'In. Lorem Vivamus In Ullamcorper Dictum Et Erat Egestas. Rutrum', 2.20, TRUE),
('cleaner13', 98, 'In. Pellentesque Maximus. Sed Donec Ut Donec Non Non Sed', 15.00, TRUE),
('cleaner20', 43, 'Varius In Sapien Sagittis Ac Vel Praesent Ac Pellentesque Ut', 16.40, TRUE),
('cleaner2', 29, 'Elit. Et Maximus. Vestibulum Sapien Tempor Massa Et Quisque Erat', 1.70, TRUE),
('cleaner1', 66, 'Maecenas In In Odio Odio. Vel Vel Maximus Nibh Malesuada', 5.30, TRUE),
('cleaner16', 78, 'Senectus In Sem. Maximus Consectetur In Non Maximus. Netus Quisque', 2.35, TRUE),
('cleaner5', 58, 'Et Vel Lorem Lectus, Elementum Varius Dictum Nisi. Tristique Rutrum', 1.80, TRUE),
('cleaner13', 40, 'Vel Erat Tincidunt. Ullamcorper Et Vehicula Erat Massa Lectus, Tempor', 5.40, TRUE),
('cleaner13', 57, 'Fames Ut Dictum Pretium Dictum Et Lorem In Consectetur Nisi.', 6.00, TRUE),
('cleaner13', 100, 'Congue Dictum Sed Nisi. Commodo. In Pellentesque Massa Ut Vestibulum', 13.85, TRUE),
('cleaner5', 27, 'Nisi At Nisi Maximus Dictum Sagittis Tincidunt. Commodo. Volutpat. Tortor', 1.70, TRUE),
('cleaner18', 74, 'Ut Elementum Vel Amet Lorem Pretium Dictum Nisi. In Nisi.', 2.20, TRUE),
('cleaner22', 14, 'Tempor Nisi. Odio. Odio. Maximus Dolor Non Leo, Adipiscing Ut', 12.90, TRUE),
('cleaner6', 67, 'In Ut Dolor Vel Tempor Quisque Nunc In Elit. Tincidunt.', 2.40, TRUE),
('cleaner10', 9, 'Vel Ipsum Non Fames Malesuada Maximus Amet Tempor Varius Lorem', 3.70, TRUE),
('cleaner25', 100, 'Adipiscing Et Lectus, Amet Vel Non In Vehicula Netus Tincidunt.', 9.95, TRUE),
('cleaner14', 18, 'Netus Tempor Ullamcorper Tristique Pretium Lectus. Tempor Morbi Sed Consectetur', 7.65, TRUE),
('cleaner3', 85, 'Leo, Vestibulum Varius Porttitor Lectus, Maximus. Odio Rutrum Dolor Dictum', 8.60, TRUE),
('cleaner25', 12, 'Odio Et Adipiscing Lectus. Lorem Leo Cursus Habitant Ut Lectus.', 6.85, TRUE),
('cleaner15', 93, 'Volutpat. Purus Pretium Maximus Vivamus Praesent Maximus Pretium Lorem Vehicula', 4.75, TRUE),
('cleaner5', 97, 'Lectus, Nisi. Malesuada Ut. Porttitor Ac Pretium Nisi Sed Non', 4.85, TRUE),
('cleaner21', 43, 'Sed Lorem Habitant Turpis Massa Rutrum Tortor Mauris Et In', 14.70, TRUE),
('cleaner15', 26, 'Erat Lorem Sem. Vel Sed Commodo. Sem. Erat Lectus. Non', 12.35, TRUE),
('cleaner23', 89, 'Et Massa Dolor Ut Pretium Dictum Amet Vestibulum Purus Quisque', 16.20, TRUE),
('cleaner22', 11, 'Dolor Morbi Vel Tortor Ut. Tristique Consequat Vel Lorem Dolor', 13.30, TRUE),
('cleaner21', 42, 'In Odio Dictum In Maecenas Pellentesque Ut Et Et Tristique', 2.50, TRUE),
('cleaner17', 61, 'Malesuada Blandit. Rutrum Sagittis Et Morbi Malesuada Blandit. Lorem Amet', 4.00, TRUE),
('cleaner9', 54, 'Morbi Donec Elit. Maximus. In Et Sem. Lorem Sapien Pellentesque', 10.90, TRUE),
('cleaner15', 16, 'Morbi Habitant In Habitant Sem. Pretium Erat Commodo. Maximus Pretium', 9.35, TRUE),
('cleaner25', 43, 'Tortor Sed Nibh Facilisis Quisque Et Quisque Habitant Nisi Vel', 5.35, TRUE),
('cleaner7', 84, 'Cursus Dolor Leo, In Tortor Sagittis Tincidunt. Pellentesque Lorem Vestibulum', 17.20, TRUE),
('cleaner15', 35, 'Tincidunt. Varius Consectetur Sed Et Vestibulum Nisi. Donec Pellentesque Et', 15.45, TRUE),
('cleaner18', 43, 'Tortor Vestibulum Vel Maecenas Netus Ac Et Elit. Ut Donec', 2.80, TRUE),
('cleaner4', 2, 'Varius Et Lorem Tempor Vel Erat Commodo. Praesent Aliquam Sed', 9.35, TRUE),
('cleaner11', 54, 'Vel Malesuada Ut. Maximus Lorem Facilisis Habitant In. Donec Purus', 5.15, TRUE),
('cleaner16', 3, 'Odio Et Ut Massa Mollis Donec Vestibulum Iaculis. In Tortor', 11.20, TRUE),
('cleaner12', 82, 'Maecenas Nisi. Et Maecenas Dolor Vestibulum Cursus Pretium Maximus. Senectus', 1.05, TRUE),
('cleaner6', 93, 'Lorem Praesent Porttitor Praesent Ut Vestibulum Maximus. Purus Odio Aliquam', 15.65, TRUE),
('cleaner18', 51, 'Pretium Vel Non Varius Non Sed Consectetur Sapien Aliquam Lorem', 8.55, TRUE),
('cleaner8', 70, 'Vel Dictum Vel Odio. In Aliquam Pellentesque Morbi Non Fames', 14.80, TRUE),
('cleaner14', 81, 'Ut Odio. Pretium Habitant Mauris Odio Pellentesque Tempor Vestibulum Malesuada', 5.45, TRUE),
('cleaner15', 13, 'Nibh Congue Vel Lectus, Quisque In Maximus Mollis Dictum Maecenas', 4.10, TRUE),
('cleaner25', 36, 'Volutpat. Donec Maecenas Nibh Varius Maecenas Vel Maximus At Iaculis.', 1.00, TRUE),
('cleaner11', 53, 'Vehicula Et Vel Vel Varius At In In Nisi. Vestibulum', 2.40, TRUE),
('cleaner11', 93, 'Erat Quisque Massa Consequat Non Senectus Vehicula Fames Lorem Pellentesque', 2.70, TRUE),
('cleaner1', 33, 'Elementum Nibh Volutpat. Pretium Elit. Sit Non Vel Leo Fames', 16.65, TRUE),
('cleaner17', 34, 'Erat Consectetur Lorem Tincidunt. Maximus Tincidunt. Quisque Varius Odio Leo,', 15.30, TRUE),
('cleaner18', 36, 'Nibh Malesuada Vestibulum In. Ut. Ut Mauris Blandit. Pellentesque Consectetur', 12.75, TRUE),
('cleaner5', 99, 'Mollis Elit. Ut Purus Sem. Sed Vivamus Tristique At Nisi', 9.55, TRUE),
('cleaner22', 64, 'In Aliquam Et Lectus, Erat Donec Maximus Egestas. Egestas. Vivamus', 8.80, TRUE),
('cleaner21', 35, 'Donec Tempor Donec Lorem Commodo. Tincidunt. In Odio. Lectus, Pretium', 3.50, TRUE),
('cleaner9', 68, 'Lectus. Non Vehicula Maecenas Ipsum Donec Tempor Senectus Leo, Odio.', 18.90, TRUE),
('cleaner21', 67, 'Vel Vehicula In. Facilisis Commodo. Elit. Egestas. Non Ut Iaculis.', 7.15, TRUE),
('cleaner8', 7, 'Pellentesque Mollis Tortor Vestibulum Vestibulum In Maximus. Erat Consequat Donec', 18.70, TRUE),
('cleaner8', 35, 'Tincidunt. Lorem Nisi Blandit. In Senectus Lectus, Mollis Sed Volutpat.', 13.30, TRUE),
('cleaner14', 87, 'Ut Mollis Adipiscing Aliquam Varius In Rutrum Rutrum Sed Odio', 18.35, TRUE),
('cleaner6', 68, 'Tempor Turpis Quisque Dictum Sagittis Congue Tincidunt. Quisque Leo, At', 5.75, TRUE),
('cleaner21', 23, 'Et Pellentesque Sit Et In Erat Et Sed Morbi Erat', 14.40, TRUE),
('cleaner8', 76, 'Iaculis. Purus Nisi. Pellentesque Consectetur Vel Lorem Purus Facilisis Erat', 7.60, TRUE),
('cleaner13', 52, 'Nunc Consectetur In. At Turpis Nibh Sed Lectus. Dictum Mollis', 8.10, TRUE),
('cleaner12', 95, 'Varius Vel Leo Massa Sagittis Vel Erat Lorem Ut Non', 4.20, TRUE),
('cleaner10', 16, 'Congue Mauris Maximus. Pretium Senectus Lectus, Massa Maximus. Nunc Odio.', 8.20, TRUE),
('cleaner7', 78, 'Volutpat. Nunc Aliquam Nisi. Et Praesent Vel Lorem Nisi Turpis', 12.60, TRUE),
('cleaner4', 65, 'Tincidunt. Quisque Et Vehicula Erat Lorem Lorem Sagittis Lectus. Mollis', 11.15, TRUE),
('cleaner24', 39, 'Pretium Pretium Vel Elementum Ut. Pellentesque Sapien Tempor Mollis Consequat', 3.35, TRUE),
('cleaner16', 82, 'Lorem Erat Maximus Habitant Praesent Vel Lectus, Iaculis. Erat Sagittis', 16.15, TRUE),
('cleaner7', 46, 'Vivamus In. Leo Purus Sagittis Massa In Sem. Massa In', 11.80, TRUE),
('cleaner12', 23, 'Dictum In Mauris Sapien Blandit. In At Praesent Maximus. Pretium', 15.55, TRUE),
('cleaner4', 22, 'Vivamus Sed Erat Malesuada Amet Pellentesque Sagittis Leo, Dictum Elementum', 14.45, TRUE),
('cleaner14', 82, 'Senectus Consectetur Dictum Vestibulum Erat Vel Erat Volutpat. Sem. Malesuada', 1.05, TRUE),
('cleaner23', 45, 'Tristique Lorem Ac Porttitor Iaculis. Cursus Elementum Vel Leo In.', 4.40, TRUE),
('cleaner13', 13, 'Massa Ipsum Dictum Quisque Varius Praesent Iaculis. Vestibulum Vivamus Erat', 10.55, TRUE),
('cleaner8', 73, 'Ut. Vel Vestibulum Quisque Maximus. In Tincidunt. Facilisis Iaculis. Sem.', 3.90, TRUE),
('cleaner22', 3, 'Odio. Senectus Varius Blandit. Adipiscing Sapien Amet Porttitor Et Pellentesque', 19.70, TRUE),
('cleaner25', 96, 'Vestibulum Vestibulum In Netus Lectus. Mauris Sed Sed Lorem Tristique', 5.70, TRUE),
('cleaner21', 47, 'Vestibulum Odio. Pretium Dictum Aliquam In Nisi. Elit. Nisi Fames', 16.45, TRUE),
('cleaner22', 39, 'Dictum Sem. Maximus Pellentesque Rutrum Pretium Et Dolor Turpis Habitant', 13.90, TRUE),
('cleaner25', 92, 'Nibh Sed Iaculis. Non Vehicula Nisi Tortor Consectetur Porttitor Praesent', 1.50, TRUE),
('cleaner17', 34, 'Iaculis. Lorem Sem. Vestibulum Fames Dolor Purus Ipsum Dictum Lectus,', 8.60, TRUE),
('cleaner16', 74, 'Habitant Cursus Habitant Commodo. Leo In. Vel Pellentesque Nibh Pellentesque', 8.55, TRUE),
('cleaner16', 93, 'Porttitor Vestibulum Nibh Pellentesque Donec Vel Turpis Vestibulum Vel In', 17.80, TRUE),
('cleaner23', 97, 'In Vel Leo Pellentesque Nisi. In Nunc Nisi. In. Lectus.', 3.75, TRUE),
('cleaner7', 80, 'In Vehicula Nunc Quisque Ut. Habitant Cursus Lorem Maximus. Vivamus', 19.05, TRUE),
('cleaner16', 50, 'Morbi Elit. Sem. Congue Ut. Sagittis Amet Odio Varius Praesent', 5.85, TRUE),
('cleaner12', 48, 'Rutrum Non Ipsum Tristique Vehicula Adipiscing Donec Ut Habitant Netus', 9.45, TRUE),
('cleaner15', 60, 'Pellentesque Consectetur Turpis Lectus. Tortor Nisi. Sed Dolor Donec Sem.', 13.10, TRUE),
('cleaner15', 90, 'Tempor Nibh Vel Et Vestibulum Dolor Tristique In Ac Aliquam', 16.60, TRUE),
('cleaner23', 83, 'Consequat Ut. Lorem Vel Massa Et Ipsum Ut Et Consequat', 8.25, TRUE),
('cleaner18', 98, 'Dictum Commodo. Nibh Et Pellentesque Ullamcorper Pellentesque In. Consequat Fames', 16.55, TRUE),
('cleaner19', 87, 'In Sit Sem. Vel Netus Pellentesque Vivamus In Et Pellentesque', 9.85, TRUE),
('cleaner1', 87, 'Tortor Leo Erat Maximus. Turpis Pellentesque Fames Elit. Malesuada Ut', 8.50, TRUE),
('cleaner16', 26, 'Ut Leo, Vel Vel Ullamcorper Vel Mollis Purus Pellentesque Nisi.', 4.35, TRUE),
('cleaner5', 56, 'Tristique Egestas. Maecenas Nisi. Nisi. At Elementum Volutpat. Consequat Nisi', 14.40, TRUE),
('cleaner4', 6, 'Adipiscing Sagittis Sagittis Vivamus Mollis Vivamus Congue Vestibulum Pellentesque Volutpat.', 6.35, TRUE),
('cleaner4', 64, 'Lorem Iaculis. Sed Dolor Habitant Odio. Iaculis. Quisque Varius Sem.', 14.10, TRUE),
('cleaner8', 48, 'Erat Mauris Lorem Odio Lectus. Egestas. Ut. Tristique Nunc Turpis', 5.25, TRUE),
('cleaner25', 18, 'Sem. Ut Et Ullamcorper Mauris Cursus Pretium Nisi. Vestibulum Iaculis.', 3.55, TRUE),
('cleaner9', 28, 'Et Tincidunt. Vestibulum Odio. Quisque Morbi In Nibh Lorem Porttitor', 12.70, TRUE),
('cleaner12', 55, 'Odio. Nunc Ipsum Donec Purus Et Morbi Leo, Tincidunt. Adipiscing', 4.45, TRUE),
('cleaner6', 98, 'Pellentesque Tristique Consectetur Ut Ullamcorper Sagittis Donec Egestas. Ipsum Ut.', 2.25, TRUE),
('cleaner3', 55, 'Et Odio Erat Maximus. Porttitor Morbi Non Ipsum Aliquam Dictum', 11.95, TRUE),
('cleaner8', 94, 'Elementum Blandit. Donec In Et Senectus Ut. Morbi Odio. Ut', 2.05, TRUE),
('cleaner23', 29, 'Nisi. Tortor Volutpat. Tincidunt. Tempor Tincidunt. Maximus Erat Maximus. Sed', 13.65, TRUE),
('cleaner11', 28, 'Malesuada Amet Lorem Netus Lectus, Massa Donec Quisque Fames Pretium', 1.05, TRUE),
('cleaner14', 60, 'Vel Elit. In Pellentesque Varius Odio Congue Odio Rutrum Morbi', 16.05, TRUE),
('cleaner12', 17, 'Maximus. Lorem Pellentesque Et Erat Pellentesque Lectus, Vestibulum Praesent Vestibulum', 4.55, TRUE),
('cleaner24', 47, 'Dictum Vel Erat Nunc Lectus. Erat Dictum Mauris Ipsum In', 15.80, TRUE),
('cleaner23', 23, 'Adipiscing Malesuada Blandit. Congue Vel In. Sagittis Praesent Non Vestibulum', 1.10, TRUE),
('cleaner8', 47, 'Non Vel Quisque Elit. Leo, In Maximus. Lorem Non Lorem', 13.10, TRUE),
('cleaner4', 56, 'Maximus Ipsum Elit. In. Dictum Lectus. Pellentesque Praesent Egestas. Ipsum', 1.00, TRUE),
('cleaner16', 92, 'Odio Pretium Morbi Commodo. In Turpis Praesent Turpis Dolor Amet', 13.95, TRUE),
('cleaner21', 22, 'Blandit. Tristique Sed Tortor Senectus Erat Tempor At Commodo. Odio', 7.70, TRUE),
('cleaner25', 52, 'Vehicula Tempor In. Ipsum Sed Adipiscing Mauris Maecenas Ut Morbi', 7.30, TRUE),
('cleaner5', 14, 'Elementum Vestibulum Purus Tincidunt. Maximus Vel Mauris Nisi. Lectus, Rutrum', 2.70, TRUE),
('cleaner21', 48, 'Maecenas Vivamus Sit Lorem Volutpat. Lorem Odio. Egestas. Tristique Tincidunt.', 17.20, TRUE),
('cleaner7', 22, 'Purus Pellentesque Porttitor Ut Pellentesque Volutpat. Elit. Senectus Leo Pretium', 17.80, TRUE),
('cleaner23', 75, 'Pellentesque Et Vel Vel Vel Lorem Dolor Tempor Fames Tortor', 6.55, TRUE),
('cleaner20', 95, 'Mauris Ipsum Non Non Ut. Amet Sem. Elementum Praesent Adipiscing', 1.70, TRUE),
('cleaner4', 28, 'Ac In Tempor Lorem Commodo. Lorem Lectus. In Facilisis Amet', 1.05, TRUE),
('cleaner21', 85, 'Sagittis Sed In Odio Ullamcorper Netus Turpis Donec Donec Ac', 4.50, TRUE),
('cleaner13', 70, 'Fames Netus Rutrum Donec Tortor Aliquam Morbi Maecenas Congue Cursus', 10.30, TRUE),
('cleaner24', 74, 'Dolor Cursus Vel Dolor Mollis Leo Tempor Vehicula Vestibulum Nunc', 8.85, TRUE),
('cleaner10', 39, 'Purus In Vel Et Adipiscing Tempor Maecenas Massa Elit. Et', 4.50, TRUE),
('cleaner8', 29, 'Leo Dolor In Et Mollis In In Lorem Cursus In', 13.85, TRUE),
('cleaner13', 86, 'Tristique Elit. Netus Vivamus Egestas. In Et Blandit. Leo Vehicula', 18.25, TRUE),
('cleaner23', 88, 'Pellentesque Pellentesque Et Commodo. Mauris Congue In Turpis Leo, Et', 15.75, TRUE),
('cleaner4', 86, 'Nibh Elementum Sapien Donec Netus Et Sem. Mollis Et Leo', 12.60, TRUE),
('cleaner24', 46, 'In Iaculis. Sed Congue Non Nibh Vivamus Odio. Sed Commodo.', 10.15, TRUE),
('cleaner18', 83, 'Praesent Ipsum Lectus. Nibh Sed Quisque Pellentesque Dictum Pretium Rutrum', 8.90, TRUE),
('cleaner23', 89, 'Vestibulum Praesent Dictum Maximus. Nisi Et Et Ut. Dictum Odio', 5.80, TRUE),
('cleaner6', 55, 'Non Porttitor Dictum Maximus Cursus Et Ipsum Pretium Egestas. Rutrum', 15.25, TRUE),
('cleaner5', 11, 'Elementum Pellentesque Malesuada Ullamcorper Morbi Odio. Vel Maecenas Sem. Pellentesque', 1.95, TRUE),
('cleaner25', 62, 'Mauris Mauris Tincidunt. Commodo. Malesuada Cursus Sapien Vel Lorem Pretium', 18.65, TRUE),
('cleaner5', 32, 'Blandit. Sapien Ut Congue Sit In Volutpat. Odio Vehicula Amet', 15.80, TRUE),
('cleaner12', 84, 'Tristique Ullamcorper Leo, Mollis Vel Netus Sapien Tincidunt. Maximus Adipiscing', 8.75, TRUE),
('cleaner18', 72, 'Facilisis Pellentesque Egestas. In Ipsum Lectus. Non Lorem Vel Pretium', 16.00, TRUE),
('cleaner17', 26, 'Adipiscing Volutpat. Fames Consequat Maximus Maximus. Maximus. In Lorem Ut', 9.50, TRUE),
('cleaner13', 22, 'Pellentesque Varius Et Mollis Lorem Ullamcorper Praesent Leo, Lorem Nibh', 11.05, TRUE),
('cleaner10', 48, 'Lectus. Dictum Elementum Ullamcorper Purus Sem. Consectetur Morbi Facilisis Vestibulum', 16.55, TRUE),
('cleaner8', 74, 'Porttitor Pretium At In Vehicula Volutpat. Tortor Vel Iaculis. Odio', 5.30, TRUE),
('cleaner11', 50, 'Odio. At Odio Quisque Lorem Leo, Sapien Elementum Dictum Lectus.', 3.65, TRUE),
('cleaner14', 7, 'Lorem Ipsum Facilisis Lorem Sagittis Tempor In Nibh Massa Maecenas', 13.25, TRUE),
('cleaner8', 30, 'Mollis Pretium Erat Congue Congue Odio Nisi Congue Blandit. Aliquam', 13.85, TRUE),
('cleaner15', 83, 'Vivamus Maximus. Odio Praesent In Praesent Commodo. Dictum Senectus Vivamus', 13.05, TRUE),
('cleaner15', 14, 'Lectus, Non Malesuada Maximus Praesent Dolor Lorem Elementum Erat Vel', 11.85, TRUE),
('cleaner14', 62, 'Sed Volutpat. Praesent Pellentesque Donec Purus Et Commodo. Vel Maximus.', 12.40, TRUE),
('cleaner20', 73, 'Quisque Congue Tortor Iaculis. Odio Donec Amet Sit Tempor Amet', 4.90, TRUE),
('cleaner15', 5, 'Donec Elit. Vestibulum Netus Quisque Maecenas Erat Vel Lorem Vel', 15.75, TRUE),
('cleaner14', 56, 'Lectus. Turpis Nisi In Pellentesque Maecenas Iaculis. Vel Tristique Sapien', 12.00, TRUE),
('cleaner21', 4, 'Pellentesque At Sed Pellentesque Facilisis At Cursus Pellentesque Tortor Ut.', 13.55, TRUE),
('cleaner22', 44, 'Massa Ac Pellentesque In Nisi Non Facilisis Ac Non Lorem', 14.80, TRUE),
('cleaner3', 88, 'Elit. Sit Vel Non Tortor At Habitant Vestibulum Maecenas Praesent', 7.05, TRUE),
('cleaner25', 23, 'Lorem Pretium Vestibulum Lectus, Vivamus Vel Maecenas Porttitor Iaculis. In.', 7.40, TRUE),
('cleaner11', 51, 'Vestibulum Sapien Erat Iaculis. Iaculis. Tortor Erat Maximus Dictum Erat', 11.45, TRUE),
('cleaner10', 52, 'Lectus, Vestibulum In Leo Et Et Sem. Volutpat. Et Egestas.', 7.60, TRUE),
('cleaner10', 98, 'Pellentesque Lorem Odio Ut Nunc Morbi Dolor Senectus Commodo. Netus', 4.55, TRUE),
('cleaner6', 95, 'Consequat Nisi. In. Elementum Morbi Vestibulum Non Tincidunt. In Mollis', 12.10, TRUE),
('cleaner9', 88, 'Et Vehicula Lectus. Mollis Morbi Lorem Nunc Tristique Vel Tempor', 4.60, TRUE),
('cleaner16', 43, 'Vestibulum At Tortor Vel Et Pretium Mollis Ut. Adipiscing Lorem', 7.95, TRUE),
('cleaner15', 85, 'Vel Fames Ullamcorper Consequat Volutpat. Purus Leo, Odio Senectus Ut.', 1.70, TRUE),
('cleaner16', 49, 'Praesent Tristique Ullamcorper In Nisi Adipiscing Lectus. In Lectus, Sagittis', 12.05, TRUE),
('cleaner8', 41, 'Quisque Tincidunt. Sapien Nisi. Dolor Non Pellentesque Pretium Nibh In', 8.70, TRUE),
('cleaner4', 77, 'Nibh Et At Nisi Vestibulum Sem. Tristique Vel Varius Senectus', 10.20, TRUE),
('cleaner5', 48, 'Quisque Pretium Leo Blandit. Nisi Donec Tempor Nibh Porttitor Pellentesque', 11.30, TRUE),
('cleaner15', 6, 'Ut Tincidunt. Facilisis Non Pretium Sagittis In Dolor Vel Nisi', 4.80, TRUE),
('cleaner3', 31, 'Varius Netus Sit Vehicula Malesuada Congue Praesent Sem. Senectus Donec', 12.10, TRUE),
('cleaner1', 83, 'Habitant Erat In. Maximus Sapien Adipiscing In Dictum Amet In', 12.80, TRUE),
('cleaner21', 20, 'Netus Sem. Et Pellentesque Leo, Iaculis. Quisque Massa Donec Consequat', 2.15, TRUE),
('cleaner22', 10, 'Sit In Odio Sapien Nisi. Quisque Vel Lectus, Pellentesque Odio.', 19.30, TRUE),
('cleaner12', 34, 'Maecenas Odio. Aliquam Ut Lorem Malesuada Odio In Tincidunt. Praesent', 18.25, TRUE),
('cleaner14', 1, 'Netus Rutrum Odio. Praesent Elementum Blandit. Vestibulum Vestibulum Varius At', 14.05, TRUE),
('cleaner24', 31, 'Malesuada Quisque Odio. Ut. Odio. Purus Et Sem. Ut Vehicula', 9.60, TRUE),
('cleaner25', 36, 'Pellentesque Iaculis. Rutrum Elementum Maximus Tortor Odio Dictum Porttitor Et', 14.30, TRUE),
('cleaner11', 93, 'Nunc Cursus Vel Tincidunt. Lorem Malesuada Pellentesque Dolor Elementum Quisque', 1.65, TRUE),
('cleaner5', 48, 'Sagittis Et Adipiscing Volutpat. Dictum Netus Vel Nisi Leo, Sem.', 12.95, TRUE),
('cleaner2', 17, 'Vel Vel Sapien Elit. Amet Lorem Congue Ipsum Maximus. Egestas.', 7.75, TRUE),
('cleaner13', 71, 'Egestas. Praesent Cursus Sagittis Netus Aliquam Iaculis. Volutpat. Odio. Ut.', 14.05, TRUE),
('cleaner9', 85, 'Sed Ac Habitant Pretium Quisque In Tortor Amet Fames Donec', 12.75, TRUE),
('cleaner13', 27, 'At Lorem Maximus Pellentesque Elit. Leo Vehicula Quisque Leo, Maximus', 2.40, TRUE),
('cleaner22', 37, 'Consectetur Porttitor Et In Tortor Netus Ipsum Lectus, Donec Egestas.', 10.95, TRUE),
('cleaner5', 41, 'Elit. Massa Lorem Aliquam Sapien Cursus Non Praesent Elementum In', 1.35, TRUE),
('cleaner12', 44, 'Maecenas Tristique Vel Lorem Sed Donec Et Vestibulum Quisque Sagittis', 6.85, TRUE),
('cleaner10', 3, 'Pretium Et Adipiscing In Senectus Lorem Vehicula In Donec Congue', 13.60, TRUE),
('cleaner9', 50, 'Dictum Adipiscing At Ut Pretium Donec Lorem Consequat Cursus Non', 17.30, TRUE),
('cleaner5', 34, 'In. Ut Lorem Blandit. Pellentesque Tristique Non In. Non Vel', 6.85, TRUE),
('cleaner21', 54, 'Sed Aliquam Lorem Egestas. Lorem Senectus Et Ullamcorper Et Et', 2.95, TRUE),
('cleaner15', 61, 'Malesuada In Fames Blandit. Vel Netus Malesuada Cursus Sed Tincidunt.', 1.95, TRUE),
('cleaner1', 78, 'Rutrum Massa Pellentesque Sit Elit. Purus Vivamus Et Vestibulum Volutpat.', 6.45, TRUE),
('cleaner1', 7, 'Elit. Turpis Erat Vel Blandit. Congue Aliquam Vel Praesent Turpis', 1.05, TRUE),
('cleaner14', 26, 'Ut Blandit. In Vestibulum Varius Volutpat. Ac Blandit. Purus Congue', 16.10, TRUE),
('cleaner14', 85, 'Mollis Odio. Ut Donec Vel Tristique Blandit. Maximus. Dolor Consectetur', 7.30, TRUE),
('cleaner18', 96, 'Leo Iaculis. Sed Commodo. Et In Dolor Turpis Blandit. Sagittis', 19.80, TRUE);


-- CleanerProfileView test data
INSERT INTO CleanerProfileView (username, viewCount) VALUES
('cleaner1', 320),
('cleaner2', 157),
('cleaner3', 331),
('cleaner4', 179),
('cleaner5', 305),
('cleaner6', 388),
('cleaner7', 208),
('cleaner8', 412),
('cleaner9', 258),
('cleaner10', 279),
('cleaner11', 389),
('cleaner12', 156),
('cleaner13', 315),
('cleaner14', 319),
('cleaner15', 133),
('cleaner16', 286),
('cleaner17', 266),
('cleaner18', 486),
('cleaner19', 113),
('cleaner20', 447),
('cleaner21', 484),
('cleaner22', 31),
('cleaner23', 475),
('cleaner24', 220),
('cleaner25', 116);


-- Shortlist test data
INSERT INTO Shortlist (homeOwnerUsername, serviceID) VALUES
('homeowner9', 73),
('homeowner24', 21),
('homeowner22', 37),
('homeowner10', 25),
('homeowner7', 99),
('homeowner23', 87),
('homeowner19', 17),
('homeowner18', 20),
('homeowner15', 76),
('homeowner16', 86),
('homeowner18', 16),
('homeowner12', 24),
('homeowner25', 68),
('homeowner17', 80),
('homeowner19', 68),
('homeowner11', 8),
('homeowner15', 52),
('homeowner3', 37),
('homeowner25', 57),
('homeowner20', 97),
('homeowner2', 46),
('homeowner9', 21),
('homeowner2', 100),
('homeowner12', 77),
('homeowner1', 34),
('homeowner7', 34),
('homeowner12', 72),
('homeowner5', 74),
('homeowner16', 24),
('homeowner8', 32),
('homeowner18', 26),
('homeowner4', 88),
('homeowner20', 20),
('homeowner23', 51),
('homeowner18', 10),
('homeowner18', 96),
('homeowner1', 91),
('homeowner16', 8),
('homeowner16', 25),
('homeowner10', 92),
('homeowner24', 66),
('homeowner14', 80),
('homeowner5', 19),
('homeowner7', 72),
('homeowner19', 73),
('homeowner7', 79),
('homeowner16', 21),
('homeowner16', 98),
('homeowner3', 10),
('homeowner18', 74),
('homeowner14', 14),
('homeowner15', 82),
('homeowner23', 63),
('homeowner6', 51),
('homeowner16', 58),
('homeowner19', 33),
('homeowner8', 89),
('homeowner25', 66),
('homeowner1', 74),
('homeowner9', 43),
('homeowner8', 62),
('homeowner21', 83),
('homeowner10', 15),
('homeowner9', 34),
('homeowner14', 22),
('homeowner1', 2),
('homeowner14', 73),
('homeowner13', 69),
('homeowner4', 30),
('homeowner16', 73),
('homeowner11', 15),
('homeowner24', 100),
('homeowner25', 95),
('homeowner9', 35),
('homeowner6', 80),
('homeowner16', 92),
('homeowner23', 73),
('homeowner2', 74),
('homeowner3', 97),
('homeowner13', 5),
('homeowner24', 69),
('homeowner22', 39),
('homeowner18', 92),
('homeowner9', 29),
('homeowner24', 70),
('homeowner17', 74),
('homeowner9', 62),
('homeowner8', 17),
('homeowner6', 20),
('homeowner15', 15),
('homeowner7', 22),
('homeowner19', 86),
('homeowner8', 36),
('homeowner7', 44),
('homeowner17', 62),
('homeowner22', 51),
('homeowner23', 89),
('homeowner16', 59),
('homeowner10', 39),
('homeowner8', 37),
('homeowner17', 84),
('homeowner16', 20),
('homeowner10', 46),
('homeowner16', 91),
('homeowner2', 65),
('homeowner4', 14),
('homeowner9', 28),
('homeowner25', 98),
('homeowner10', 67),
('homeowner18', 88),
('homeowner16', 3),
('homeowner4', 37),
('homeowner13', 49),
('homeowner11', 25),
('homeowner20', 98),
('homeowner17', 67),
('homeowner18', 19),
('homeowner13', 27),
('homeowner7', 12),
('homeowner8', 95),
('homeowner13', 13),
('homeowner3', 44),
('homeowner6', 79),
('homeowner20', 50),
('homeowner15', 2),
('homeowner1', 97),
('homeowner23', 92),
('homeowner7', 70),
('homeowner16', 56),
('homeowner13', 34),
('homeowner13', 71),
('homeowner5', 37),
('homeowner22', 56),
('homeowner10', 55),
('homeowner17', 35),
('homeowner15', 80),
('homeowner25', 80),
('homeowner2', 25),
('homeowner23', 84),
('homeowner25', 16),
('homeowner5', 81),
('homeowner1', 95),
('homeowner22', 75),
('homeowner18', 22),
('homeowner22', 82),
('homeowner2', 5),
('homeowner19', 4),
('homeowner12', 64),
('homeowner20', 35),
('homeowner19', 32),
('homeowner11', 10),
('homeowner4', 83),
('homeowner24', 97),
('homeowner19', 83),
('homeowner24', 94),
('homeowner19', 3),
('homeowner7', 6),
('homeowner7', 60),
('homeowner23', 25),
('homeowner9', 92),
('homeowner1', 72),
('homeowner2', 63),
('homeowner3', 28),
('homeowner16', 49),
('homeowner17', 86),
('homeowner13', 86),
('homeowner11', 99),
('homeowner18', 18),
('homeowner5', 98),
('homeowner7', 15),
('homeowner12', 28),
('homeowner6', 45),
('homeowner20', 69),
('homeowner16', 34),
('homeowner11', 19),
('homeowner23', 60),
('homeowner14', 54),
('homeowner20', 52),
('homeowner15', 62),
('homeowner19', 49),
('homeowner3', 92),
('homeowner18', 30),
('homeowner17', 37),
('homeowner5', 1),
('homeowner14', 59),
('homeowner12', 43),
('homeowner10', 96),
('homeowner13', 97),
('homeowner6', 84),
('homeowner23', 10),
('homeowner16', 10),
('homeowner6', 60),
('homeowner5', 80),
('homeowner10', 99),
('homeowner21', 59),
('homeowner13', 81),
('homeowner18', 17),
('homeowner15', 97),
('homeowner22', 25),
('homeowner2', 3),
('homeowner2', 9),
('homeowner7', 91),
('homeowner12', 59),
('homeowner20', 86),
('homeowner20', 92),
('homeowner4', 33),
('homeowner11', 95),
('homeowner9', 44),
('homeowner11', 71),
('homeowner10', 38),
('homeowner12', 2),
('homeowner4', 13),
('homeowner10', 17),
('homeowner19', 81),
('homeowner7', 71),
('homeowner17', 17),
('homeowner8', 74),
('homeowner9', 14),
('homeowner14', 23),
('homeowner17', 8),
('homeowner20', 13),
('homeowner16', 51),
('homeowner18', 89),
('homeowner23', 30),
('homeowner14', 32),
('homeowner11', 74),
('homeowner11', 37),
('homeowner7', 3),
('homeowner15', 50),
('homeowner7', 30),
('homeowner2', 28),
('homeowner14', 44),
('homeowner21', 12),
('homeowner9', 98),
('homeowner16', 28),
('homeowner22', 13),
('homeowner18', 40),
('homeowner19', 41),
('homeowner8', 67),
('homeowner12', 65),
('homeowner24', 12),
('homeowner18', 45),
('homeowner16', 61),
('homeowner17', 24),
('homeowner14', 68),
('homeowner10', 9),
('homeowner18', 5),
('homeowner20', 100),
('homeowner4', 70),
('homeowner5', 69),
('homeowner21', 5),
('homeowner22', 20),
('homeowner4', 19),
('homeowner17', 42),
('homeowner15', 5),
('homeowner19', 48),
('homeowner4', 12);


-- Booking test data
INSERT INTO Booking (homeOwnerUsername, serviceID, bookingDate) VALUES
('homeowner21', 81, '2025-04-10'),
('homeowner8', 97, '2024-10-02'),
('homeowner6', 26, '2023-03-28'),
('homeowner2', 2, '2020-08-01'),
('homeowner9', 65, '2020-01-31'),
('homeowner7', 26, '2025-02-21'),
('homeowner24', 6, '2021-12-23'),
('homeowner7', 95, '2023-11-21'),
('homeowner11', 87, '2020-05-13'),
('homeowner6', 43, '2021-08-07'),
('homeowner8', 97, '2020-12-05'),
('homeowner23', 79, '2022-12-23'),
('homeowner10', 39, '2021-06-06'),
('homeowner22', 31, '2020-12-19'),
('homeowner14', 26, '2022-02-04'),
('homeowner23', 65, '2024-09-21'),
('homeowner8', 31, '2020-12-23'),
('homeowner20', 2, '2023-01-23'),
('homeowner12', 92, '2025-04-06'),
('homeowner17', 52, '2021-05-22'),
('homeowner2', 86, '2022-08-11'),
('homeowner12', 47, '2025-01-28'),
('homeowner22', 86, '2023-06-12'),
('homeowner18', 95, '2023-01-01'),
('homeowner16', 34, '2020-10-09'),
('homeowner7', 66, '2021-06-04'),
('homeowner21', 30, '2022-04-30'),
('homeowner12', 22, '2020-08-11'),
('homeowner22', 95, '2023-04-04'),
('homeowner12', 55, '2020-05-17'),
('homeowner4', 48, '2020-03-22'),
('homeowner16', 11, '2020-03-20'),
('homeowner9', 26, '2021-03-07'),
('homeowner24', 73, '2023-03-28'),
('homeowner19', 75, '2024-12-05'),
('homeowner4', 42, '2023-04-04'),
('homeowner2', 39, '2020-08-20'),
('homeowner11', 51, '2023-08-30'),
('homeowner17', 20, '2023-05-18'),
('homeowner8', 24, '2021-02-24'),
('homeowner12', 21, '2021-11-15'),
('homeowner1', 51, '2021-06-12'),
('homeowner21', 61, '2023-12-05'),
('homeowner16', 79, '2022-07-22'),
('homeowner4', 14, '2021-04-01'),
('homeowner6', 48, '2023-10-24'),
('homeowner20', 76, '2021-07-16'),
('homeowner22', 24, '2020-12-13'),
('homeowner7', 78, '2021-01-12'),
('homeowner10', 36, '2021-09-20'),
('homeowner21', 73, '2021-07-05'),
('homeowner16', 42, '2021-02-09'),
('homeowner20', 1, '2023-12-04'),
('homeowner18', 50, '2024-06-17'),
('homeowner19', 27, '2023-12-18'),
('homeowner5', 100, '2025-01-17'),
('homeowner6', 84, '2020-04-06'),
('homeowner14', 83, '2022-03-12'),
('homeowner12', 70, '2023-02-28'),
('homeowner17', 81, '2022-09-28'),
('homeowner22', 66, '2024-09-29'),
('homeowner4', 55, '2022-09-21'),
('homeowner19', 94, '2021-07-20'),
('homeowner10', 13, '2022-07-19'),
('homeowner24', 56, '2025-04-27'),
('homeowner5', 33, '2021-07-28'),
('homeowner17', 63, '2021-08-08'),
('homeowner3', 8, '2020-09-14'),
('homeowner16', 82, '2022-08-19'),
('homeowner10', 94, '2023-01-23'),
('homeowner25', 84, '2021-05-22'),
('homeowner7', 21, '2024-05-18'),
('homeowner4', 56, '2025-04-03'),
('homeowner19', 62, '2023-12-29'),
('homeowner23', 76, '2023-11-09'),
('homeowner16', 67, '2023-12-31'),
('homeowner13', 76, '2020-01-05'),
('homeowner4', 36, '2025-03-07'),
('homeowner1', 22, '2022-03-07'),
('homeowner21', 73, '2024-03-02'),
('homeowner6', 33, '2024-02-24'),
('homeowner17', 2, '2021-09-13'),
('homeowner17', 6, '2020-10-01'),
('homeowner13', 83, '2022-07-21'),
('homeowner9', 31, '2023-12-13'),
('homeowner12', 49, '2021-04-07'),
('homeowner21', 88, '2020-09-14'),
('homeowner22', 100, '2020-02-09'),
('homeowner7', 15, '2023-05-05'),
('homeowner23', 43, '2021-09-11'),
('homeowner7', 41, '2020-05-03'),
('homeowner4', 53, '2024-07-19'),
('homeowner13', 99, '2022-07-24'),
('homeowner22', 12, '2020-03-07'),
('homeowner24', 11, '2024-03-22'),
('homeowner15', 57, '2023-11-17'),
('homeowner22', 56, '2021-10-12'),
('homeowner24', 13, '2022-08-12'),
('homeowner16', 97, '2020-01-26'),
('homeowner24', 56, '2022-12-18'),
('homeowner14', 50, '2022-10-07'),
('homeowner7', 95, '2022-07-06'),
('homeowner18', 90, '2025-02-06'),
('homeowner9', 76, '2021-01-06'),
('homeowner18', 20, '2020-04-20'),
('homeowner18', 36, '2023-12-06'),
('homeowner18', 8, '2020-07-01'),
('homeowner25', 6, '2023-12-16'),
('homeowner10', 83, '2021-08-14'),
('homeowner22', 8, '2025-01-20'),
('homeowner20', 43, '2022-12-18'),
('homeowner21', 97, '2022-09-30'),
('homeowner11', 58, '2025-03-23'),
('homeowner15', 28, '2023-11-24'),
('homeowner24', 28, '2021-07-11'),
('homeowner10', 77, '2021-05-20'),
('homeowner9', 94, '2022-10-19'),
('homeowner11', 99, '2024-11-04'),
('homeowner21', 87, '2023-02-12'),
('homeowner20', 75, '2025-03-24'),
('homeowner25', 77, '2023-12-09'),
('homeowner10', 73, '2023-09-29'),
('homeowner15', 49, '2025-04-06'),
('homeowner16', 51, '2021-01-12'),
('homeowner14', 95, '2024-07-07'),
('homeowner14', 1, '2022-07-22'),
('homeowner13', 73, '2024-09-24'),
('homeowner16', 40, '2023-03-01'),
('homeowner10', 41, '2022-05-02'),
('homeowner2', 13, '2022-05-24'),
('homeowner19', 40, '2023-02-09'),
('homeowner15', 51, '2020-04-25'),
('homeowner23', 23, '2023-07-13'),
('homeowner1', 60, '2021-08-12'),
('homeowner13', 55, '2020-02-13'),
('homeowner13', 11, '2024-03-01'),
('homeowner4', 21, '2022-04-06'),
('homeowner13', 7, '2020-01-29'),
('homeowner1', 43, '2024-11-27'),
('homeowner13', 44, '2022-10-24'),
('homeowner17', 11, '2020-11-29'),
('homeowner18', 81, '2020-09-14'),
('homeowner17', 27, '2020-07-17'),
('homeowner3', 60, '2023-03-24'),
('homeowner7', 2, '2021-03-07'),
('homeowner23', 66, '2023-11-01'),
('homeowner22', 71, '2021-08-21'),
('homeowner8', 13, '2025-01-09'),
('homeowner21', 68, '2023-12-30'),
('homeowner15', 90, '2020-01-27'),
('homeowner17', 97, '2020-03-05'),
('homeowner10', 74, '2020-06-29'),
('homeowner2', 24, '2024-11-08'),
('homeowner17', 72, '2025-03-17'),
('homeowner8', 21, '2020-01-28'),
('homeowner22', 73, '2022-08-02'),
('homeowner3', 17, '2021-11-28'),
('homeowner21', 62, '2023-09-28'),
('homeowner8', 1, '2024-07-12'),
('homeowner15', 33, '2024-02-12'),
('homeowner15', 80, '2020-11-12'),
('homeowner3', 3, '2024-08-23'),
('homeowner19', 61, '2024-01-15'),
('homeowner4', 78, '2025-04-09'),
('homeowner24', 70, '2021-12-21'),
('homeowner13', 22, '2020-08-03'),
('homeowner13', 26, '2022-01-06'),
('homeowner19', 97, '2024-01-22'),
('homeowner11', 15, '2022-02-20'),
('homeowner10', 54, '2021-07-02'),
('homeowner5', 63, '2021-08-23'),
('homeowner17', 82, '2023-06-04'),
('homeowner12', 90, '2025-04-05'),
('homeowner1', 22, '2025-03-27'),
('homeowner20', 16, '2024-07-18'),
('homeowner13', 85, '2020-05-27'),
('homeowner20', 91, '2023-11-12'),
('homeowner25', 50, '2022-06-21'),
('homeowner6', 19, '2022-10-05'),
('homeowner15', 65, '2022-03-30'),
('homeowner13', 30, '2024-04-07'),
('homeowner8', 90, '2024-07-12'),
('homeowner10', 81, '2023-07-03'),
('homeowner5', 74, '2025-03-30'),
('homeowner4', 63, '2024-07-14'),
('homeowner17', 100, '2024-06-11'),
('homeowner24', 95, '2020-07-14'),
('homeowner11', 22, '2020-08-29'),
('homeowner23', 26, '2024-08-21'),
('homeowner4', 11, '2020-05-02'),
('homeowner4', 75, '2022-08-09'),
('homeowner23', 9, '2024-11-14'),
('homeowner21', 79, '2024-10-10'),
('homeowner18', 23, '2021-02-13'),
('homeowner24', 21, '2020-02-20'),
('homeowner18', 83, '2022-06-29'),
('homeowner3', 34, '2021-11-01'),
('homeowner15', 54, '2022-07-19'),
('homeowner2', 30, '2024-10-24'),
('homeowner17', 88, '2021-06-01'),
('homeowner5', 36, '2022-10-06'),
('homeowner5', 12, '2022-07-24'),
('homeowner23', 7, '2023-04-11'),
('homeowner2', 58, '2022-06-30'),
('homeowner21', 76, '2022-06-12'),
('homeowner8', 21, '2020-11-28'),
('homeowner22', 84, '2020-02-21'),
('homeowner5', 26, '2023-03-10'),
('homeowner10', 90, '2021-04-11'),
('homeowner22', 79, '2022-11-10'),
('homeowner22', 44, '2020-01-07'),
('homeowner13', 13, '2020-03-16'),
('homeowner17', 70, '2021-01-14'),
('homeowner16', 15, '2020-08-15'),
('homeowner3', 11, '2024-10-25'),
('homeowner13', 45, '2023-12-11'),
('homeowner6', 15, '2022-06-17'),
('homeowner12', 64, '2020-09-11'),
('homeowner1', 23, '2024-11-12'),
('homeowner16', 38, '2022-09-14'),
('homeowner24', 49, '2024-01-21'),
('homeowner5', 24, '2020-05-18'),
('homeowner12', 33, '2020-05-24'),
('homeowner18', 51, '2024-07-14'),
('homeowner7', 65, '2024-10-15'),
('homeowner20', 20, '2022-03-31'),
('homeowner10', 14, '2024-04-17'),
('homeowner12', 84, '2021-09-02'),
('homeowner12', 49, '2024-02-05'),
('homeowner13', 67, '2022-10-31'),
('homeowner11', 53, '2025-02-06'),
('homeowner18', 92, '2022-10-15'),
('homeowner16', 31, '2020-05-24'),
('homeowner17', 56, '2022-12-06'),
('homeowner2', 41, '2024-06-16'),
('homeowner6', 59, '2023-03-11'),
('homeowner19', 21, '2024-11-04'),
('homeowner6', 61, '2022-01-22'),
('homeowner24', 10, '2021-11-03'),
('homeowner4', 61, '2022-08-10'),
('homeowner8', 63, '2021-08-11'),
('homeowner23', 27, '2024-12-22'),
('homeowner18', 25, '2023-04-26'),
('homeowner13', 24, '2021-04-26'),
('homeowner20', 32, '2021-09-04'),
('homeowner14', 16, '2024-09-27'),
('homeowner23', 38, '2025-02-09'),
('homeowner7', 34, '2024-12-22'),
('homeowner1', 80, '2021-08-15'),
('homeowner13', 56, '2025-03-11'),
('homeowner8', 50, '2020-09-30'),
('homeowner22', 56, '2023-06-13'),
('homeowner14', 48, '2024-08-17'),
('homeowner20', 31, '2023-05-03'),
('homeowner8', 3, '2024-02-16'),
('homeowner6', 1, '2021-10-30'),
('homeowner23', 97, '2021-01-06'),
('homeowner2', 48, '2023-09-26'),
('homeowner14', 4, '2021-12-28'),
('homeowner5', 36, '2020-08-27'),
('homeowner17', 25, '2023-04-11'),
('homeowner14', 97, '2024-05-27'),
('homeowner13', 68, '2021-11-04'),
('homeowner7', 48, '2020-01-13'),
('homeowner14', 29, '2021-07-22'),
('homeowner1', 12, '2023-05-01'),
('homeowner9', 57, '2024-08-08'),
('homeowner24', 95, '2021-07-31'),
('homeowner19', 13, '2020-01-22'),
('homeowner18', 23, '2020-11-24'),
('homeowner14', 91, '2023-02-22'),
('homeowner6', 22, '2024-05-17'),
('homeowner25', 38, '2024-04-25'),
('homeowner7', 79, '2024-08-10'),
('homeowner19', 98, '2023-06-02'),
('homeowner5', 40, '2020-05-15'),
('homeowner20', 92, '2021-03-25'),
('homeowner2', 31, '2024-04-29'),
('homeowner4', 15, '2022-04-05'),
('homeowner20', 41, '2023-05-03'),
('homeowner3', 15, '2023-07-17'),
('homeowner14', 60, '2022-06-20'),
('homeowner18', 75, '2024-09-01'),
('homeowner4', 7, '2021-06-04'),
('homeowner3', 82, '2021-09-29'),
('homeowner10', 28, '2020-08-21'),
('homeowner15', 79, '2023-09-27'),
('homeowner25', 6, '2021-09-24'),
('homeowner5', 36, '2024-01-03'),
('homeowner15', 60, '2021-06-16'),
('homeowner24', 62, '2021-07-13'),
('homeowner24', 45, '2023-08-06'),
('homeowner4', 100, '2020-10-29'),
('homeowner15', 84, '2024-08-02'),
('homeowner23', 70, '2021-05-01'),
('homeowner7', 45, '2023-03-06'),
('homeowner17', 42, '2020-09-29'),
('homeowner4', 83, '2020-04-13'),
('homeowner12', 61, '2023-06-12'),
('homeowner4', 82, '2023-12-21'),
('homeowner12', 62, '2024-06-16'),
('homeowner22', 45, '2020-12-01'),
('homeowner16', 94, '2021-07-14'),
('homeowner25', 45, '2022-10-24'),
('homeowner25', 25, '2022-07-13'),
('homeowner7', 85, '2022-06-13'),
('homeowner14', 54, '2020-01-20'),
('homeowner2', 91, '2024-05-16'),
('homeowner21', 81, '2022-09-15'),
('homeowner24', 33, '2023-05-16'),
('homeowner13', 51, '2025-01-07'),
('homeowner7', 60, '2024-10-09'),
('homeowner12', 86, '2021-03-27'),
('homeowner3', 72, '2023-12-22'),
('homeowner23', 91, '2023-02-10'),
('homeowner5', 51, '2023-07-10'),
('homeowner6', 98, '2023-12-19'),
('homeowner17', 52, '2020-03-15'),
('homeowner23', 18, '2025-01-23'),
('homeowner24', 89, '2023-01-02'),
('homeowner19', 32, '2022-08-14'),
('homeowner1', 2, '2023-02-25'),
('homeowner14', 9, '2022-02-25'),
('homeowner12', 86, '2023-03-13'),
('homeowner15', 17, '2025-01-23'),
('homeowner19', 50, '2022-07-03'),
('homeowner22', 11, '2022-10-09'),
('homeowner15', 70, '2023-07-25'),
('homeowner1', 56, '2022-08-16'),
('homeowner3', 55, '2020-10-27'),
('homeowner23', 49, '2023-09-30'),
('homeowner21', 50, '2022-09-08'),
('homeowner18', 86, '2020-10-19'),
('homeowner25', 42, '2024-12-29'),
('homeowner17', 46, '2021-01-17'),
('homeowner3', 10, '2022-11-28'),
('homeowner21', 92, '2023-09-23'),
('homeowner9', 63, '2024-09-02'),
('homeowner15', 46, '2023-02-10'),
('homeowner8', 56, '2023-08-31'),
('homeowner1', 47, '2022-08-29'),
('homeowner21', 96, '2020-06-14');
